id,sea_age,date,datetime,length,sst,d18O.pdb,lat,lon
2009M053,1SW,2008-05-07,76097,11.80098,6.754532866,0.007015324,57.86,-3.98
2009M053,1SW,2008-05-08,76098,11.90583,NA,NA,NA,NA
2009M053,1SW,2008-05-09,76099,12.01069,NA,NA,NA,NA
2009M053,1SW,2008-05-10,76100,12.11555,NA,NA,NA,NA
2009M053,1SW,2008-05-11,76101,12.22038,NA,NA,NA,NA
2009M053,1SW,2008-05-12,76102,12.3252,NA,NA,NA,NA
2009M053,1SW,2008-05-13,76103,12.43002,NA,NA,NA,NA
2009M053,1SW,2008-05-14,76104,12.53484,NA,NA,NA,NA
2009M053,1SW,2008-05-15,76105,12.63966,NA,NA,NA,NA
2009M053,1SW,2008-05-16,76106,12.74449,NA,NA,NA,NA
2009M053,1SW,2008-05-17,76107,12.84931,NA,NA,NA,NA
2009M053,1SW,2008-05-18,76108,12.95413,NA,NA,NA,NA
2009M053,1SW,2008-05-19,76109,13.05895,9.917668271,-0.706549038,NA,NA
2009M053,1SW,2008-05-20,76110,13.16377,NA,NA,NA,NA
2009M053,1SW,2008-05-21,76111,13.26856,NA,NA,NA,NA
2009M053,1SW,2008-05-22,76112,13.37334,NA,NA,NA,NA
2009M053,1SW,2008-05-23,76113,13.47812,NA,NA,NA,NA
2009M053,1SW,2008-05-24,76114,13.58289,NA,NA,NA,NA
2009M053,1SW,2008-05-25,76115,13.68767,NA,NA,NA,NA
2009M053,1SW,2008-05-26,76116,13.79245,NA,NA,NA,NA
2009M053,1SW,2008-05-27,76117,13.89722,NA,NA,NA,NA
2009M053,1SW,2008-05-28,76118,14.00197,NA,NA,NA,NA
2009M053,1SW,2008-05-29,76119,14.1067,NA,NA,NA,NA
2009M053,1SW,2008-05-30,76120,14.21144,NA,NA,NA,NA
2009M053,1SW,2008-05-31,76121,14.31618,9.006876985,-0.502777844,NA,NA
2009M053,1SW,2008-06-01,76122,14.42092,NA,NA,NA,NA
2009M053,1SW,2008-06-02,76123,14.52566,NA,NA,NA,NA
2009M053,1SW,2008-06-03,76124,14.6304,NA,NA,NA,NA
2009M053,1SW,2008-06-04,76125,14.73512,NA,NA,NA,NA
2009M053,1SW,2008-06-05,76126,14.83981,NA,NA,NA,NA
2009M053,1SW,2008-06-06,76127,14.9445,NA,NA,NA,NA
2009M053,1SW,2008-06-07,76128,15.04919,NA,NA,NA,NA
2009M053,1SW,2008-06-08,76129,15.15389,NA,NA,NA,NA
2009M053,1SW,2008-06-09,76130,15.25858,NA,NA,NA,NA
2009M053,1SW,2008-06-10,76131,15.36327,NA,NA,NA,NA
2009M053,1SW,2008-06-11,76132,15.46796,NA,NA,NA,NA
2009M053,1SW,2008-06-12,76133,15.57265,8.026715711,-0.281964853,NA,NA
2009M053,1SW,2008-06-13,76134,15.67734,NA,NA,NA,NA
2009M053,1SW,2008-06-14,76135,15.78202,NA,NA,NA,NA
2009M053,1SW,2008-06-15,76136,15.88666,NA,NA,NA,NA
2009M053,1SW,2008-06-16,76137,15.9913,NA,NA,NA,NA
2009M053,1SW,2008-06-17,76138,16.09594,NA,NA,NA,NA
2009M053,1SW,2008-06-18,76139,16.20058,NA,NA,NA,NA
2009M053,1SW,2008-06-19,76140,16.30522,NA,NA,NA,NA
2009M053,1SW,2008-06-20,76141,16.40986,NA,NA,NA,NA
2009M053,1SW,2008-06-21,76142,16.5145,NA,NA,NA,NA
2009M053,1SW,2008-06-22,76143,16.61914,NA,NA,NA,NA
2009M053,1SW,2008-06-23,76144,16.72378,NA,NA,NA,NA
2009M053,1SW,2008-06-24,76145,16.82838,NA,NA,NA,NA
2009M053,1SW,2008-06-25,76146,16.93297,7.175488516,-0.088905644,NA,NA
2009M053,1SW,2008-06-26,76147,17.03757,NA,NA,NA,NA
2009M053,1SW,2008-06-27,76148,17.14216,NA,NA,NA,NA
2009M053,1SW,2008-06-28,76149,17.24675,NA,NA,NA,NA
2009M053,1SW,2008-06-29,76150,17.35135,NA,NA,NA,NA
2009M053,1SW,2008-06-30,76151,17.45594,NA,NA,NA,NA
2009M053,1SW,2008-07-01,76152,17.56053,NA,NA,NA,NA
2009M053,1SW,2008-07-02,76153,17.6651,NA,NA,NA,NA
2009M053,1SW,2008-07-03,76154,17.76964,NA,NA,NA,NA
2009M053,1SW,2008-07-04,76155,17.87418,NA,NA,NA,NA
2009M053,1SW,2008-07-05,76156,17.97872,NA,NA,NA,NA
2009M053,1SW,2008-07-06,76157,18.08326,NA,NA,NA,NA
2009M053,1SW,2008-07-07,76158,18.1878,NA,NA,NA,NA
2009M053,1SW,2008-07-08,76159,18.29234,7.952437455,-0.26516651,NA,NA
2009M053,1SW,2008-07-09,76160,18.39688,NA,NA,NA,NA
2009M053,1SW,2008-07-10,76161,18.50142,NA,NA,NA,NA
2009M053,1SW,2008-07-11,76162,18.60596,NA,NA,NA,NA
2009M053,1SW,2008-07-12,76163,18.7105,NA,NA,NA,NA
2009M053,1SW,2008-07-13,76164,18.81504,NA,NA,NA,NA
2009M053,1SW,2008-07-14,76165,18.91953,NA,NA,NA,NA
2009M053,1SW,2008-07-15,76166,19.02401,NA,NA,NA,NA
2009M053,1SW,2008-07-16,76167,19.12849,NA,NA,NA,NA
2009M053,1SW,2008-07-17,76168,19.23297,NA,NA,NA,NA
2009M053,1SW,2008-07-18,76169,19.33745,5.337846706,0.332026727,NA,NA
2009M053,1SW,2008-07-19,76170,19.44193,NA,NA,NA,NA
2009M053,1SW,2008-07-20,76171,19.54641,NA,NA,NA,NA
2009M053,1SW,2008-07-21,76172,19.65089,NA,NA,NA,NA
2009M053,1SW,2008-07-22,76173,19.75537,NA,NA,NA,NA
2009M053,1SW,2008-07-23,76174,19.85985,NA,NA,NA,NA
2009M053,1SW,2008-07-24,76175,19.96433,NA,NA,NA,NA
2009M053,1SW,2008-07-25,76176,20.06878,NA,NA,NA,NA
2009M053,1SW,2008-07-26,76177,20.17321,NA,NA,NA,NA
2009M053,1SW,2008-07-27,76178,20.27765,NA,NA,NA,NA
2009M053,1SW,2008-07-28,76179,20.38208,NA,NA,NA,NA
2009M053,1SW,2008-07-29,76180,20.48652,NA,NA,NA,NA
2009M053,1SW,2008-07-30,76181,20.59095,NA,NA,NA,NA
2009M053,1SW,2008-07-31,76182,20.69535,NA,NA,NA,NA
2009M053,1SW,2008-08-01,76183,20.79975,6.135096521,0.148705689,NA,NA
2009M053,1SW,2008-08-02,76184,20.90414,NA,NA,NA,NA
2009M053,1SW,2008-08-03,76185,21.00853,NA,NA,NA,NA
2009M053,1SW,2008-08-04,76186,21.11293,NA,NA,NA,NA
2009M053,1SW,2008-08-05,76187,21.21732,NA,NA,NA,NA
2009M053,1SW,2008-08-06,76188,21.32171,NA,NA,NA,NA
2009M053,1SW,2008-08-07,76189,21.42611,NA,NA,NA,NA
2009M053,1SW,2008-08-08,76190,21.5305,NA,NA,NA,NA
2009M053,1SW,2008-08-09,76191,21.63489,NA,NA,NA,NA
2009M053,1SW,2008-08-10,76192,21.73924,NA,NA,NA,NA
2009M053,1SW,2008-08-11,76193,21.84358,NA,NA,NA,NA
2009M053,1SW,2008-08-12,76194,21.94791,8.164614572,-0.313126995,NA,NA
2009M053,1SW,2008-08-13,76195,22.05225,NA,NA,NA,NA
2009M053,1SW,2008-08-14,76196,22.15658,NA,NA,NA,NA
2009M053,1SW,2008-08-15,76197,22.26092,NA,NA,NA,NA
2009M053,1SW,2008-08-16,76198,22.36525,NA,NA,NA,NA
2009M053,1SW,2008-08-17,76199,22.46959,NA,NA,NA,NA
2009M053,1SW,2008-08-18,76200,22.57393,NA,NA,NA,NA
2009M053,1SW,2008-08-19,76201,22.67826,NA,NA,NA,NA
2009M053,1SW,2008-08-20,76202,22.7826,NA,NA,NA,NA
2009M053,1SW,2008-08-21,76203,22.88693,NA,NA,NA,NA
2009M053,1SW,2008-08-22,76204,22.99121,NA,NA,NA,NA
2009M053,1SW,2008-08-23,76205,23.09548,NA,NA,NA,NA
2009M053,1SW,2008-08-24,76206,23.19975,NA,NA,NA,NA
2009M053,1SW,2008-08-25,76207,23.30402,7.053554891,-0.061151862,NA,NA
2009M053,1SW,2008-08-26,76208,23.40829,NA,NA,NA,NA
2009M053,1SW,2008-08-27,76209,23.51256,NA,NA,NA,NA
2009M053,1SW,2008-08-28,76210,23.61684,NA,NA,NA,NA
2009M053,1SW,2008-08-29,76211,23.72111,NA,NA,NA,NA
2009M053,1SW,2008-08-30,76212,23.82538,NA,NA,NA,NA
2009M053,1SW,2008-08-31,76213,23.92965,NA,NA,NA,NA
2009M053,1SW,2008-09-01,76214,24.03392,NA,NA,NA,NA
2009M053,1SW,2008-09-02,76215,24.13819,NA,NA,NA,NA
2009M053,1SW,2008-09-03,76216,24.24245,NA,NA,NA,NA
2009M053,1SW,2008-09-04,76217,24.34665,NA,NA,NA,NA
2009M053,1SW,2008-09-05,76218,24.45085,NA,NA,NA,NA
2009M053,1SW,2008-09-06,76219,24.55505,NA,NA,NA,NA
2009M053,1SW,2008-09-07,76220,24.65926,7.729845439,-0.214771484,NA,NA
2009M053,1SW,2008-09-08,76221,24.76346,NA,NA,NA,NA
2009M053,1SW,2008-09-09,76222,24.86766,NA,NA,NA,NA
2009M053,1SW,2008-09-10,76223,24.97186,NA,NA,NA,NA
2009M053,1SW,2008-09-11,76224,25.07607,NA,NA,NA,NA
2009M053,1SW,2008-09-12,76225,25.18027,NA,NA,NA,NA
2009M053,1SW,2008-09-13,76226,25.28447,NA,NA,NA,NA
2009M053,1SW,2008-09-14,76227,25.38867,NA,NA,NA,NA
2009M053,1SW,2008-09-15,76228,25.49288,NA,NA,NA,NA
2009M053,1SW,2008-09-16,76229,25.59708,NA,NA,NA,NA
2009M053,1SW,2008-09-17,76230,25.70123,NA,NA,NA,NA
2009M053,1SW,2008-09-18,76231,25.80536,6.513659251,0.062035981,NA,NA
2009M053,1SW,2008-09-19,76232,25.90949,NA,NA,NA,NA
2009M053,1SW,2008-09-20,76233,26.01362,NA,NA,NA,NA
2009M053,1SW,2008-09-21,76234,26.11775,NA,NA,NA,NA
2009M053,1SW,2008-09-22,76235,26.22188,NA,NA,NA,NA
2009M053,1SW,2008-09-23,76236,26.32601,NA,NA,NA,NA
2009M053,1SW,2008-09-24,76237,26.43014,NA,NA,NA,NA
2009M053,1SW,2008-09-25,76238,26.53427,NA,NA,NA,NA
2009M053,1SW,2008-09-26,76239,26.6384,NA,NA,NA,NA
2009M053,1SW,2008-09-27,76240,26.74253,NA,NA,NA,NA
2009M053,1SW,2008-09-28,76241,26.84666,NA,NA,NA,NA
2009M053,1SW,2008-09-29,76242,26.95078,NA,NA,NA,NA
2009M053,1SW,2008-09-30,76243,27.05491,NA,NA,NA,NA
2009M053,1SW,2008-10-01,76244,27.15901,NA,NA,NA,NA
2009M053,1SW,2008-10-02,76245,27.26306,NA,NA,NA,NA
2009M053,1SW,2008-10-03,76246,27.36711,NA,NA,NA,NA
2009M053,1SW,2008-10-04,76247,27.47116,NA,NA,NA,NA
2009M053,1SW,2008-10-05,76248,27.57521,NA,NA,NA,NA
2009M053,1SW,2008-10-06,76249,27.67926,NA,NA,NA,NA
2009M053,1SW,2008-10-07,76250,27.7833,NA,NA,NA,NA
2009M053,1SW,2008-10-08,76251,27.88735,NA,NA,NA,NA
2009M053,1SW,2008-10-09,76252,27.9914,NA,NA,NA,NA
2009M053,1SW,2008-10-10,76253,28.09545,NA,NA,NA,NA
2009M053,1SW,2008-10-11,76254,28.1995,NA,NA,NA,NA
2009M053,1SW,2008-10-12,76255,28.30354,5.979088235,0.184493461,NA,NA
2009M053,1SW,2008-10-13,76256,28.40759,NA,NA,NA,NA
2009M053,1SW,2008-10-14,76257,28.51164,NA,NA,NA,NA
2009M053,1SW,2008-10-15,76258,28.61569,NA,NA,NA,NA
2009M053,1SW,2008-10-16,76259,28.71974,NA,NA,NA,NA
2009M053,1SW,2008-10-17,76260,28.82378,NA,NA,NA,NA
2009M053,1SW,2008-10-18,76261,28.9278,NA,NA,NA,NA
2009M053,1SW,2008-10-19,76262,29.03177,NA,NA,NA,NA
2009M053,1SW,2008-10-20,76263,29.13574,NA,NA,NA,NA
2009M053,1SW,2008-10-21,76264,29.2397,NA,NA,NA,NA
2009M053,1SW,2008-10-22,76265,29.34367,NA,NA,NA,NA
2009M053,1SW,2008-10-23,76266,29.44764,NA,NA,NA,NA
2009M053,1SW,2008-10-24,76267,29.55161,NA,NA,NA,NA
2009M053,1SW,2008-10-25,76268,29.65558,6.6447011,0.03209111,NA,NA
2009M053,1SW,2008-10-26,76269,29.75955,NA,NA,NA,NA
2009M053,1SW,2008-10-27,76270,29.86352,NA,NA,NA,NA
2009M053,1SW,2008-10-28,76271,29.96749,NA,NA,NA,NA
2009M053,1SW,2008-10-29,76272,30.07145,NA,NA,NA,NA
2009M053,1SW,2008-10-30,76273,30.17542,NA,NA,NA,NA
2009M053,1SW,2008-10-31,76274,30.27939,NA,NA,NA,NA
2009M053,1SW,2008-11-01,76275,30.38331,NA,NA,NA,NA
2009M053,1SW,2008-11-02,76276,30.48721,NA,NA,NA,NA
2009M053,1SW,2008-11-03,76277,30.59112,NA,NA,NA,NA
2009M053,1SW,2008-11-04,76278,30.69503,NA,NA,NA,NA
2009M053,1SW,2008-11-05,76279,30.79894,NA,NA,NA,NA
2009M053,1SW,2008-11-06,76280,30.90284,6.13934416,0.147731872,NA,NA
2009M053,1SW,2008-11-07,76281,31.00675,NA,NA,NA,NA
2009M053,1SW,2008-11-08,76282,31.11066,NA,NA,NA,NA
2009M053,1SW,2008-11-09,76283,31.21456,NA,NA,NA,NA
2009M053,1SW,2008-11-10,76284,31.31847,NA,NA,NA,NA
2009M053,1SW,2008-11-11,76285,31.42234,NA,NA,NA,NA
2009M053,1SW,2008-11-12,76286,31.5262,NA,NA,NA,NA
2009M053,1SW,2008-11-13,76287,31.63006,NA,NA,NA,NA
2009M053,1SW,2008-11-14,76288,31.73392,NA,NA,NA,NA
2009M053,1SW,2008-11-15,76289,31.83778,NA,NA,NA,NA
2009M053,1SW,2008-11-16,76290,31.94164,NA,NA,NA,NA
2009M053,1SW,2008-11-17,76291,32.0455,NA,NA,NA,NA
2009M053,1SW,2008-11-18,76292,32.14936,6.811082922,-0.00588775,NA,NA
2009M053,1SW,2008-11-19,76293,32.2532,NA,NA,NA,NA
2009M053,1SW,2008-11-20,76294,32.35702,NA,NA,NA,NA
2009M053,1SW,2008-11-21,76295,32.46083,NA,NA,NA,NA
2009M053,1SW,2008-11-22,76296,32.56464,NA,NA,NA,NA
2009M053,1SW,2008-11-23,76297,32.66845,NA,NA,NA,NA
2009M053,1SW,2008-11-24,76298,32.77227,NA,NA,NA,NA
2009M053,1SW,2008-11-25,76299,32.87608,NA,NA,NA,NA
2009M053,1SW,2008-11-26,76300,32.97989,NA,NA,NA,NA
2009M053,1SW,2008-11-27,76301,33.08371,NA,NA,NA,NA
2009M053,1SW,2008-11-28,76302,33.18752,NA,NA,NA,NA
2009M053,1SW,2008-11-29,76303,33.29129,NA,NA,NA,NA
2009M053,1SW,2008-11-30,76304,33.39505,7.117716836,-0.075759116,NA,NA
2009M053,1SW,2008-12-01,76305,33.49882,NA,NA,NA,NA
2009M053,1SW,2008-12-02,76306,33.60258,NA,NA,NA,NA
2009M053,1SW,2008-12-03,76307,33.70634,NA,NA,NA,NA
2009M053,1SW,2008-12-04,76308,33.81011,NA,NA,NA,NA
2009M053,1SW,2008-12-05,76309,33.91387,NA,NA,NA,NA
2009M053,1SW,2008-12-06,76310,34.01764,NA,NA,NA,NA
2009M053,1SW,2008-12-07,76311,34.1214,NA,NA,NA,NA
2009M053,1SW,2008-12-08,76312,34.22514,NA,NA,NA,NA
2009M053,1SW,2008-12-09,76313,34.32886,NA,NA,NA,NA
2009M053,1SW,2008-12-10,76314,34.43258,NA,NA,NA,NA
2009M053,1SW,2008-12-11,76315,34.5363,NA,NA,NA,NA
2009M053,1SW,2008-12-12,76316,34.64001,NA,NA,NA,NA
2009M053,1SW,2008-12-13,76317,34.74373,5.883661701,0.206404342,NA,NA
2009M053,1SW,2008-12-14,76318,34.84745,NA,NA,NA,NA
2009M053,1SW,2008-12-15,76319,34.95117,NA,NA,NA,NA
2009M053,1SW,2008-12-16,76320,35.05489,NA,NA,NA,NA
2009M053,1SW,2008-12-17,76321,35.15857,NA,NA,NA,NA
2009M053,1SW,2008-12-18,76322,35.26225,NA,NA,NA,NA
2009M053,1SW,2008-12-19,76323,35.36594,NA,NA,NA,NA
2009M053,1SW,2008-12-20,76324,35.46962,NA,NA,NA,NA
2009M053,1SW,2008-12-21,76325,35.5733,NA,NA,NA,NA
2009M053,1SW,2008-12-22,76326,35.67695,NA,NA,NA,NA
2009M053,1SW,2008-12-23,76327,35.7806,NA,NA,NA,NA
2009M053,1SW,2008-12-24,76328,35.88425,NA,NA,NA,NA
2009M053,1SW,2008-12-25,76329,35.9879,NA,NA,NA,NA
2009M053,1SW,2008-12-26,76330,36.09155,6.171205701,0.140428245,NA,NA
2009M053,1SW,2008-12-27,76331,36.19519,NA,NA,NA,NA
2009M053,1SW,2008-12-28,76332,36.29884,NA,NA,NA,NA
2009M053,1SW,2008-12-29,76333,36.40249,NA,NA,NA,NA
2009M053,1SW,2008-12-30,76334,36.50611,NA,NA,NA,NA
2009M053,1SW,2008-12-31,76335,36.6097,NA,NA,NA,NA
2009M053,1SW,2009-01-01,76336,36.71329,NA,NA,NA,NA
2009M053,1SW,2009-01-02,76337,36.81688,NA,NA,NA,NA
2009M053,1SW,2009-01-03,76338,36.92047,NA,NA,NA,NA
2009M053,1SW,2009-01-04,76339,37.02406,NA,NA,NA,NA
2009M053,1SW,2009-01-05,76340,37.12765,NA,NA,NA,NA
2009M053,1SW,2009-01-06,76341,37.23124,NA,NA,NA,NA
2009M053,1SW,2009-01-07,76342,37.33483,5.831735561,0.2183336,NA,NA
2009M053,1SW,2009-01-08,76343,37.43841,NA,NA,NA,NA
2009M053,1SW,2009-01-09,76344,37.542,NA,NA,NA,NA
2009M053,1SW,2009-01-10,76345,37.64559,NA,NA,NA,NA
2009M053,1SW,2009-01-11,76346,37.74918,NA,NA,NA,NA
2009M053,1SW,2009-01-12,76347,37.85277,NA,NA,NA,NA
2009M053,1SW,2009-01-13,76348,37.95636,NA,NA,NA,NA
2009M053,1SW,2009-01-14,76349,38.05989,NA,NA,NA,NA
2009M053,1SW,2009-01-15,76350,38.16342,NA,NA,NA,NA
2009M053,1SW,2009-01-16,76351,38.26696,NA,NA,NA,NA
2009M053,1SW,2009-01-17,76352,38.37049,NA,NA,NA,NA
2009M053,1SW,2009-01-18,76353,38.47402,NA,NA,NA,NA
2009M053,1SW,2009-01-19,76354,38.57755,NA,NA,NA,NA
2009M053,1SW,2009-01-20,76355,38.68109,4.836293427,0.447910943,NA,NA
2009M053,1SW,2009-01-21,76356,38.7846,NA,NA,NA,NA
2009M053,1SW,2009-01-22,76357,38.88809,NA,NA,NA,NA
2009M053,1SW,2009-01-23,76358,38.99159,NA,NA,NA,NA
2009M053,1SW,2009-01-24,76359,39.09508,NA,NA,NA,NA
2009M053,1SW,2009-01-25,76360,39.19857,NA,NA,NA,NA
2009M053,1SW,2009-01-26,76361,39.30206,NA,NA,NA,NA
2009M053,1SW,2009-01-27,76362,39.40555,NA,NA,NA,NA
2009M053,1SW,2009-01-28,76363,39.50904,NA,NA,NA,NA
2009M053,1SW,2009-01-29,76364,39.61253,NA,NA,NA,NA
2009M053,1SW,2009-01-30,76365,39.71599,NA,NA,NA,NA
2009M053,1SW,2009-01-31,76366,39.81943,NA,NA,NA,NA
2009M053,1SW,2009-02-01,76367,39.92288,4.293647272,0.573776783,NA,NA
2009M053,1SW,2009-02-02,76368,40.02633,NA,NA,NA,NA
2009M053,1SW,2009-02-03,76369,40.12978,NA,NA,NA,NA
2009M053,1SW,2009-02-04,76370,40.23322,NA,NA,NA,NA
2009M053,1SW,2009-02-05,76371,40.33667,NA,NA,NA,NA
2009M053,1SW,2009-02-06,76372,40.44012,NA,NA,NA,NA
2009M053,1SW,2009-02-07,76373,40.54355,NA,NA,NA,NA
2009M053,1SW,2009-02-08,76374,40.64695,NA,NA,NA,NA
2009M053,1SW,2009-02-09,76375,40.75035,NA,NA,NA,NA
2009M053,1SW,2009-02-10,76376,40.85375,NA,NA,NA,NA
2009M053,1SW,2009-02-11,76377,40.95716,NA,NA,NA,NA
2009M053,1SW,2009-02-12,76378,41.06056,NA,NA,NA,NA
2009M053,1SW,2009-02-13,76379,41.16396,5.807368943,0.223933047,NA,NA
2009M053,1SW,2009-02-14,76380,41.26736,NA,NA,NA,NA
2009M053,1SW,2009-02-15,76381,41.37076,NA,NA,NA,NA
2009M053,1SW,2009-02-16,76382,41.47416,NA,NA,NA,NA
2009M053,1SW,2009-02-17,76383,41.57752,NA,NA,NA,NA
2009M053,1SW,2009-02-18,76384,41.68087,NA,NA,NA,NA
2009M053,1SW,2009-02-19,76385,41.78423,NA,NA,NA,NA
2009M053,1SW,2009-02-20,76386,41.88758,NA,NA,NA,NA
2009M053,1SW,2009-02-21,76387,41.99094,NA,NA,NA,NA
2009M053,1SW,2009-02-22,76388,42.09429,NA,NA,NA,NA
2009M053,1SW,2009-02-23,76389,42.19764,NA,NA,NA,NA
2009M053,1SW,2009-02-24,76390,42.301,NA,NA,NA,NA
2009M053,1SW,2009-02-25,76391,42.40435,NA,NA,NA,NA
2009M053,1SW,2009-02-26,76392,42.50768,6.271087129,0.117543547,NA,NA
2009M053,1SW,2009-02-27,76393,42.61098,NA,NA,NA,NA
2009M053,1SW,2009-02-28,76394,42.71429,NA,NA,NA,NA
2009M053,1SW,2009-03-01,76395,42.8176,NA,NA,NA,NA
2009M053,1SW,2009-03-02,76396,42.92091,NA,NA,NA,NA
2009M053,1SW,2009-03-03,76397,43.02422,NA,NA,NA,NA
2009M053,1SW,2009-03-04,76398,43.12753,NA,NA,NA,NA
2009M053,1SW,2009-03-05,76399,43.23083,NA,NA,NA,NA
2009M053,1SW,2009-03-06,76400,43.33414,NA,NA,NA,NA
2009M053,1SW,2009-03-07,76401,43.43739,NA,NA,NA,NA
2009M053,1SW,2009-03-08,76402,43.54064,NA,NA,NA,NA
2009M053,1SW,2009-03-09,76403,43.64389,NA,NA,NA,NA
2009M053,1SW,2009-03-10,76404,43.74714,6.080950813,0.161121855,NA,NA
2009M053,1SW,2009-03-11,76405,43.85039,NA,NA,NA,NA
2009M053,1SW,2009-03-12,76406,43.95365,NA,NA,NA,NA
2009M053,1SW,2009-03-13,76407,44.0569,NA,NA,NA,NA
2009M053,1SW,2009-03-14,76408,44.16015,NA,NA,NA,NA
2009M053,1SW,2009-03-15,76409,44.2634,NA,NA,NA,NA
2009M053,1SW,2009-03-16,76410,44.36665,NA,NA,NA,NA
2009M053,1SW,2009-03-17,76411,44.46991,NA,NA,NA,NA
2009M053,1SW,2009-03-18,76412,44.57316,NA,NA,NA,NA
2009M053,1SW,2009-03-19,76413,44.67641,NA,NA,NA,NA
2009M053,1SW,2009-03-20,76414,44.77964,NA,NA,NA,NA
2009M053,1SW,2009-03-21,76415,44.88284,NA,NA,NA,NA
2009M053,1SW,2009-03-22,76416,44.98604,5.643273617,0.261668454,NA,NA
2009M053,1SW,2009-03-23,76417,45.08924,NA,NA,NA,NA
2009M053,1SW,2009-03-24,76418,45.19245,NA,NA,NA,NA
2009M053,1SW,2009-03-25,76419,45.29565,NA,NA,NA,NA
2009M053,1SW,2009-03-26,76420,45.39883,NA,NA,NA,NA
2009M053,1SW,2009-03-27,76421,45.50199,NA,NA,NA,NA
2009M053,1SW,2009-03-28,76422,45.60516,NA,NA,NA,NA
2009M053,1SW,2009-03-29,76423,45.70832,NA,NA,NA,NA
2009M053,1SW,2009-03-30,76424,45.81148,NA,NA,NA,NA
2009M053,1SW,2009-03-31,76425,45.91464,NA,NA,NA,NA
2009M053,1SW,2009-04-01,76426,46.01781,NA,NA,NA,NA
2009M053,1SW,2009-04-02,76427,46.12097,NA,NA,NA,NA
2009M053,1SW,2009-04-03,76428,46.22413,NA,NA,NA,NA
2009M053,1SW,2009-04-04,76429,46.32729,7.065315645,-0.063829858,NA,NA
2009M053,1SW,2009-04-05,76430,46.43039,NA,NA,NA,NA
2009M053,1SW,2009-04-06,76431,46.5335,NA,NA,NA,NA
2009M053,1SW,2009-04-07,76432,46.6366,NA,NA,NA,NA
2009M053,1SW,2009-04-08,76433,46.73971,NA,NA,NA,NA
2009M053,1SW,2009-04-09,76434,46.84281,NA,NA,NA,NA
2009M053,1SW,2009-04-10,76435,46.94592,NA,NA,NA,NA
2009M053,1SW,2009-04-11,76436,47.04902,NA,NA,NA,NA
2009M053,1SW,2009-04-12,76437,47.15213,NA,NA,NA,NA
2009M053,1SW,2009-04-13,76438,47.25523,NA,NA,NA,NA
2009M053,1SW,2009-04-14,76439,47.35833,NA,NA,NA,NA
2009M053,1SW,2009-04-15,76440,47.46144,NA,NA,NA,NA
2009M053,1SW,2009-04-16,76441,47.56454,6.048049302,0.168668936,NA,NA
2009M053,1SW,2009-04-17,76442,47.66765,NA,NA,NA,NA
2009M053,1SW,2009-04-18,76443,47.77073,NA,NA,NA,NA
2009M053,1SW,2009-04-19,76444,47.87377,NA,NA,NA,NA
2009M053,1SW,2009-04-20,76445,47.97681,NA,NA,NA,NA
2009M053,1SW,2009-04-21,76446,48.07986,NA,NA,NA,NA
2009M053,1SW,2009-04-22,76447,48.1829,NA,NA,NA,NA
2009M053,1SW,2009-04-23,76448,48.28594,NA,NA,NA,NA
2009M053,1SW,2009-04-24,76449,48.38899,NA,NA,NA,NA
2009M053,1SW,2009-04-25,76450,48.49203,NA,NA,NA,NA
2009M053,1SW,2009-04-26,76451,48.59508,NA,NA,NA,NA
2009M053,1SW,2009-04-27,76452,48.69812,NA,NA,NA,NA
2009M053,1SW,2009-04-28,76453,48.80116,NA,NA,NA,NA
2009M053,1SW,2009-04-29,76454,48.90415,4.552626826,0.513643587,NA,NA
2009M053,1SW,2009-04-30,76455,49.00715,NA,NA,NA,NA
2009M053,1SW,2009-05-01,76456,49.11015,NA,NA,NA,NA
2009M053,1SW,2009-05-02,76457,49.21315,NA,NA,NA,NA
2009M053,1SW,2009-05-03,76458,49.31615,NA,NA,NA,NA
2009M053,1SW,2009-05-04,76459,49.41915,NA,NA,NA,NA
2009M053,1SW,2009-05-05,76460,49.52214,NA,NA,NA,NA
2009M053,1SW,2009-05-06,76461,49.62512,NA,NA,NA,NA
2009M053,1SW,2009-05-07,76462,49.72807,NA,NA,NA,NA
2009M053,1SW,2009-05-08,76463,49.83103,NA,NA,NA,NA
2009M053,1SW,2009-05-09,76464,49.93398,NA,NA,NA,NA
2009M053,1SW,2009-05-10,76465,50.03693,NA,NA,NA,NA
2009M053,1SW,2009-05-11,76466,50.13989,NA,NA,NA,NA
2009M053,1SW,2009-05-12,76467,50.24284,4.545280453,0.515347766,NA,NA
2009M053,1SW,2009-05-13,76468,50.34579,NA,NA,NA,NA
2009M053,1SW,2009-05-14,76469,50.44875,NA,NA,NA,NA
2009M053,1SW,2009-05-15,76470,50.5517,NA,NA,NA,NA
2009M053,1SW,2009-05-16,76471,50.65464,NA,NA,NA,NA
2009M053,1SW,2009-05-17,76472,50.75755,NA,NA,NA,NA
2009M053,1SW,2009-05-18,76473,50.86046,NA,NA,NA,NA
2009M053,1SW,2009-05-19,76474,50.96336,NA,NA,NA,NA
2009M053,1SW,2009-05-20,76475,51.06627,NA,NA,NA,NA
2009M053,1SW,2009-05-21,76476,51.16918,NA,NA,NA,NA
2009M053,1SW,2009-05-22,76477,51.27209,NA,NA,NA,NA
2009M053,1SW,2009-05-23,76478,51.375,9.28154366,-0.564371765,NA,NA
2009M053,1SW,2009-05-24,76479,51.47788,NA,NA,NA,NA
2009M053,1SW,2009-05-25,76480,51.58075,NA,NA,NA,NA
2009M053,1SW,2009-05-26,76481,51.68362,NA,NA,NA,NA
2009M053,1SW,2009-05-27,76482,51.78649,NA,NA,NA,NA
2009M053,1SW,2009-05-28,76483,51.88936,NA,NA,NA,NA
2009M053,1SW,2009-05-29,76484,51.99223,NA,NA,NA,NA
2009M053,1SW,2009-05-30,76485,52.0951,NA,NA,NA,NA
2009M053,1SW,2009-05-31,76486,52.19797,NA,NA,NA,NA
2009M053,1SW,2009-06-01,76487,52.3008,NA,NA,NA,NA
2009M053,1SW,2009-06-02,76488,52.40363,NA,NA,NA,NA
2009M053,1SW,2009-06-03,76489,52.50646,NA,NA,NA,NA
2009M053,1SW,2009-06-04,76490,52.60929,NA,NA,NA,NA
2009M053,1SW,2009-06-05,76491,52.71212,NA,NA,NA,NA
2009M053,1SW,2009-06-06,76492,52.81495,11.70336518,-1.10216217,NA,NA
2009M053,1SW,2009-06-07,76493,52.91779,NA,NA,NA,NA
2009M053,1SW,2009-06-08,76494,53.02061,NA,NA,NA,NA
2009M053,1SW,2009-06-09,76495,53.1234,NA,NA,NA,NA
2009M053,1SW,2009-06-10,76496,53.22619,NA,NA,NA,NA
2009M053,1SW,2009-06-11,76497,53.32898,NA,NA,NA,NA
2009M053,1SW,2009-06-12,76498,53.43177,NA,NA,NA,NA
2009M053,1SW,2009-06-13,76499,53.53456,NA,NA,NA,NA
2009M053,1SW,2009-06-14,76500,53.63735,NA,NA,NA,NA
2009M053,1SW,2009-06-15,76501,53.74014,NA,NA,NA,NA
2009M053,1SW,2009-06-16,76502,53.84293,NA,NA,NA,NA
2009M053,1SW,2009-06-17,76503,53.9457,NA,NA,NA,NA
2009M053,1SW,2009-06-18,76504,54.04845,NA,NA,NA,NA
2009M053,1SW,2009-06-19,76505,54.15121,NA,NA,NA,NA
2009M053,1SW,2009-06-20,76506,54.25396,NA,NA,NA,NA
2009M053,1SW,2009-06-21,76507,54.35672,12.17645392,-1.206117128,NA,NA
2009M053,1SW,2009-06-22,76508,54.45946,NA,NA,NA,NA
2009M053,1SW,2009-06-23,76509,54.56219,NA,NA,NA,NA
2009M053,1SW,2009-06-24,76510,54.66492,NA,NA,NA,NA
2009M053,1SW,2009-06-25,76511,54.76765,NA,NA,NA,NA
2009M053,1SW,2009-06-26,76512,54.87038,NA,NA,NA,NA
2009M053,1SW,2009-06-27,76513,54.9731,13.47324097,-1.489254403,NA,NA
2009M053,1SW,2009-06-28,76514,55.0758,NA,NA,NA,NA
2009M053,1SW,2009-06-29,76515,55.17851,NA,NA,NA,NA
2009M053,1SW,2009-06-30,76516,55.28122,NA,NA,NA,NA
2009M053,1SW,2009-07-01,76517,55.38392,NA,NA,NA,NA
2009M053,1SW,2009-07-02,76518,55.4866,NA,NA,NA,NA
2009M053,1SW,2009-07-03,76519,55.58928,NA,NA,NA,NA
2009M053,1SW,2009-07-04,76520,55.69196,NA,NA,NA,NA
2009M053,1SW,2009-07-05,76521,55.79464,NA,NA,NA,NA
2009M053,1SW,2009-07-06,76522,55.89732,NA,NA,NA,NA
2009M053,1SW,2009-07-07,76523,56,NA,NA,58.56,-3.92
2009M116,MSW,2007-04-27,75721,12.6452,13.79770724,-1.559684832,57.86,-3.98
2009M116,MSW,2007-04-28,75722,12.73416,NA,NA,NA,NA
2009M116,MSW,2007-04-29,75723,12.82312,NA,NA,NA,NA
2009M116,MSW,2007-04-30,75724,12.91208,NA,NA,NA,NA
2009M116,MSW,2007-05-01,75725,13.00104,NA,NA,NA,NA
2009M116,MSW,2007-05-02,75726,13.09,NA,NA,NA,NA
2009M116,MSW,2007-05-03,75727,13.17896,NA,NA,NA,NA
2009M116,MSW,2007-05-04,75728,13.26792,NA,NA,NA,NA
2009M116,MSW,2007-05-05,75729,13.35941,NA,NA,NA,NA
2009M116,MSW,2007-05-06,75730,13.45116,NA,NA,NA,NA
2009M116,MSW,2007-05-07,75731,13.54291,NA,NA,NA,NA
2009M116,MSW,2007-05-08,75732,13.63466,NA,NA,NA,NA
2009M116,MSW,2007-05-09,75733,13.72641,NA,NA,NA,NA
2009M116,MSW,2007-05-10,75734,13.81817,NA,NA,NA,NA
2009M116,MSW,2007-05-11,75735,13.90992,NA,NA,NA,NA
2009M116,MSW,2007-05-12,75736,14.00167,NA,NA,NA,NA
2009M116,MSW,2007-05-13,75737,14.09342,NA,NA,NA,NA
2009M116,MSW,2007-05-14,75738,14.18768,5.151691156,0.37498778,NA,NA
2009M116,MSW,2007-05-15,75739,14.28288,NA,NA,NA,NA
2009M116,MSW,2007-05-16,75740,14.37808,NA,NA,NA,NA
2009M116,MSW,2007-05-17,75741,14.47328,NA,NA,NA,NA
2009M116,MSW,2007-05-18,75742,14.56847,NA,NA,NA,NA
2009M116,MSW,2007-05-19,75743,14.66367,NA,NA,NA,NA
2009M116,MSW,2007-05-20,75744,14.75887,NA,NA,NA,NA
2009M116,MSW,2007-05-21,75745,14.85407,NA,NA,NA,NA
2009M116,MSW,2007-05-22,75746,14.94926,NA,NA,NA,NA
2009M116,MSW,2007-05-23,75747,15.04446,NA,NA,NA,NA
2009M116,MSW,2007-05-24,75748,15.14287,NA,NA,NA,NA
2009M116,MSW,2007-05-25,75749,15.24218,NA,NA,NA,NA
2009M116,MSW,2007-05-26,75750,15.34148,NA,NA,NA,NA
2009M116,MSW,2007-05-27,75751,15.44079,NA,NA,NA,NA
2009M116,MSW,2007-05-28,75752,15.54009,4.745109455,0.469025443,NA,NA
2009M116,MSW,2007-05-29,75753,15.6394,NA,NA,NA,NA
2009M116,MSW,2007-05-30,75754,15.7387,NA,NA,NA,NA
2009M116,MSW,2007-05-31,75755,15.83801,NA,NA,NA,NA
2009M116,MSW,2007-06-01,75756,15.93731,NA,NA,NA,NA
2009M116,MSW,2007-06-02,75757,16.03662,NA,NA,NA,NA
2009M116,MSW,2007-06-03,75758,16.13592,NA,NA,NA,NA
2009M116,MSW,2007-06-04,75759,16.2358,NA,NA,NA,NA
2009M116,MSW,2007-06-05,75760,16.33966,NA,NA,NA,NA
2009M116,MSW,2007-06-06,75761,16.44352,NA,NA,NA,NA
2009M116,MSW,2007-06-07,75762,16.54739,NA,NA,NA,NA
2009M116,MSW,2007-06-08,75763,16.65125,NA,NA,NA,NA
2009M116,MSW,2007-06-09,75764,16.75511,NA,NA,NA,NA
2009M116,MSW,2007-06-10,75765,16.85897,NA,NA,NA,NA
2009M116,MSW,2007-06-11,75766,16.96283,NA,NA,NA,NA
2009M116,MSW,2007-06-12,75767,17.06669,NA,NA,NA,NA
2009M116,MSW,2007-06-13,75768,17.17055,7.462486267,-0.15413208,NA,NA
2009M116,MSW,2007-06-14,75769,17.27442,NA,NA,NA,NA
2009M116,MSW,2007-06-15,75770,17.37828,NA,NA,NA,NA
2009M116,MSW,2007-06-16,75771,17.4866,NA,NA,NA,NA
2009M116,MSW,2007-06-17,75772,17.595,NA,NA,NA,NA
2009M116,MSW,2007-06-18,75773,17.7034,NA,NA,NA,NA
2009M116,MSW,2007-06-19,75774,17.8118,NA,NA,NA,NA
2009M116,MSW,2007-06-20,75775,17.9202,NA,NA,NA,NA
2009M116,MSW,2007-06-21,75776,18.02861,NA,NA,NA,NA
2009M116,MSW,2007-06-22,75777,18.13701,NA,NA,NA,NA
2009M116,MSW,2007-06-23,75778,18.24541,NA,NA,NA,NA
2009M116,MSW,2007-06-24,75779,18.35381,NA,NA,NA,NA
2009M116,MSW,2007-06-25,75780,18.46221,NA,NA,NA,NA
2009M116,MSW,2007-06-26,75781,18.57185,NA,NA,NA,NA
2009M116,MSW,2007-06-27,75782,18.68432,NA,NA,NA,NA
2009M116,MSW,2007-06-28,75783,18.79679,7.758002614,-0.221150846,NA,NA
2009M116,MSW,2007-06-29,75784,18.90926,NA,NA,NA,NA
2009M116,MSW,2007-06-30,75785,19.02173,NA,NA,NA,NA
2009M116,MSW,2007-07-01,75786,19.1342,NA,NA,NA,NA
2009M116,MSW,2007-07-02,75787,19.24668,NA,NA,NA,NA
2009M116,MSW,2007-07-03,75788,19.35915,NA,NA,NA,NA
2009M116,MSW,2007-07-04,75789,19.47162,NA,NA,NA,NA
2009M116,MSW,2007-07-05,75790,19.58723,NA,NA,NA,NA
2009M116,MSW,2007-07-06,75791,19.70326,NA,NA,NA,NA
2009M116,MSW,2007-07-07,75792,19.81929,NA,NA,NA,NA
2009M116,MSW,2007-07-08,75793,19.93532,NA,NA,NA,NA
2009M116,MSW,2007-07-09,75794,20.05135,NA,NA,NA,NA
2009M116,MSW,2007-07-10,75795,20.16738,4.627919946,0.496182779,NA,NA
2009M116,MSW,2007-07-11,75796,20.28341,NA,NA,NA,NA
2009M116,MSW,2007-07-12,75797,20.39943,NA,NA,NA,NA
2009M116,MSW,2007-07-13,75798,20.51807,NA,NA,NA,NA
2009M116,MSW,2007-07-14,75799,20.6377,NA,NA,NA,NA
2009M116,MSW,2007-07-15,75800,20.75733,NA,NA,NA,NA
2009M116,MSW,2007-07-16,75801,20.87696,NA,NA,NA,NA
2009M116,MSW,2007-07-17,75802,20.9966,NA,NA,NA,NA
2009M116,MSW,2007-07-18,75803,21.11623,NA,NA,NA,NA
2009M116,MSW,2007-07-19,75804,21.23586,NA,NA,NA,NA
2009M116,MSW,2007-07-20,75805,21.35549,NA,NA,NA,NA
2009M116,MSW,2007-07-21,75806,21.47512,NA,NA,NA,NA
2009M116,MSW,2007-07-22,75807,21.59823,5.077232877,0.392187904,NA,NA
2009M116,MSW,2007-07-23,75808,21.7216,NA,NA,NA,NA
2009M116,MSW,2007-07-24,75809,21.84497,NA,NA,NA,NA
2009M116,MSW,2007-07-25,75810,21.96835,NA,NA,NA,NA
2009M116,MSW,2007-07-26,75811,22.09172,NA,NA,NA,NA
2009M116,MSW,2007-07-27,75812,22.21509,NA,NA,NA,NA
2009M116,MSW,2007-07-28,75813,22.33847,NA,NA,NA,NA
2009M116,MSW,2007-07-29,75814,22.46184,NA,NA,NA,NA
2009M116,MSW,2007-07-30,75815,22.58522,NA,NA,NA,NA
2009M116,MSW,2007-07-31,75816,22.71062,NA,NA,NA,NA
2009M116,MSW,2007-08-01,75817,22.83772,7.006640729,-0.050466907,NA,NA
2009M116,MSW,2007-08-02,75818,22.96482,NA,NA,NA,NA
2009M116,MSW,2007-08-03,75819,23.09191,NA,NA,NA,NA
2009M116,MSW,2007-08-04,75820,23.21901,NA,NA,NA,NA
2009M116,MSW,2007-08-05,75821,23.34611,NA,NA,NA,NA
2009M116,MSW,2007-08-06,75822,23.4732,NA,NA,NA,NA
2009M116,MSW,2007-08-07,75823,23.6003,NA,NA,NA,NA
2009M116,MSW,2007-08-08,75824,23.72739,NA,NA,NA,NA
2009M116,MSW,2007-08-09,75825,23.85449,NA,NA,NA,NA
2009M116,MSW,2007-08-10,75826,23.98365,NA,NA,NA,NA
2009M116,MSW,2007-08-11,75827,24.11412,NA,NA,NA,NA
2009M116,MSW,2007-08-12,75828,24.24458,NA,NA,NA,NA
2009M116,MSW,2007-08-13,75829,24.37505,NA,NA,NA,NA
2009M116,MSW,2007-08-14,75830,24.50551,5.356455615,0.327735415,NA,NA
2009M116,MSW,2007-08-15,75831,24.63598,NA,NA,NA,NA
2009M116,MSW,2007-08-16,75832,24.76644,NA,NA,NA,NA
2009M116,MSW,2007-08-17,75833,24.89691,NA,NA,NA,NA
2009M116,MSW,2007-08-18,75834,25.02737,NA,NA,NA,NA
2009M116,MSW,2007-08-19,75835,25.15784,NA,NA,NA,NA
2009M116,MSW,2007-08-20,75836,25.29111,NA,NA,NA,NA
2009M116,MSW,2007-08-21,75837,25.42459,NA,NA,NA,NA
2009M116,MSW,2007-08-22,75838,25.55806,NA,NA,NA,NA
2009M116,MSW,2007-08-23,75839,25.69154,4.908038436,0.431307764,NA,NA
2009M116,MSW,2007-08-24,75840,25.82501,NA,NA,NA,NA
2009M116,MSW,2007-08-25,75841,25.95848,NA,NA,NA,NA
2009M116,MSW,2007-08-26,75842,26.09196,NA,NA,NA,NA
2009M116,MSW,2007-08-27,75843,26.22543,NA,NA,NA,NA
2009M116,MSW,2007-08-28,75844,26.35891,NA,NA,NA,NA
2009M116,MSW,2007-08-29,75845,26.49238,NA,NA,NA,NA
2009M116,MSW,2007-08-30,75846,26.62585,NA,NA,NA,NA
2009M116,MSW,2007-08-31,75847,26.75955,NA,NA,NA,NA
2009M116,MSW,2007-09-01,75848,26.89503,5.990587144,0.181854241,NA,NA
2009M116,MSW,2007-09-02,75849,27.03051,NA,NA,NA,NA
2009M116,MSW,2007-09-03,75850,27.16598,NA,NA,NA,NA
2009M116,MSW,2007-09-04,75851,27.30146,NA,NA,NA,NA
2009M116,MSW,2007-09-05,75852,27.43694,NA,NA,NA,NA
2009M116,MSW,2007-09-06,75853,27.57242,NA,NA,NA,NA
2009M116,MSW,2007-09-07,75854,27.7079,NA,NA,NA,NA
2009M116,MSW,2007-09-08,75855,27.84373,NA,NA,NA,NA
2009M116,MSW,2007-09-09,75856,27.98021,NA,NA,NA,NA
2009M116,MSW,2007-09-10,75857,28.1167,NA,NA,NA,NA
2009M116,MSW,2007-09-11,75858,28.25318,NA,NA,NA,NA
2009M116,MSW,2007-09-12,75859,28.38967,NA,NA,NA,NA
2009M116,MSW,2007-09-13,75860,28.52616,NA,NA,NA,NA
2009M116,MSW,2007-09-14,75861,28.66264,NA,NA,NA,NA
2009M116,MSW,2007-09-15,75862,28.79913,NA,NA,NA,NA
2009M116,MSW,2007-09-16,75863,28.93561,NA,NA,NA,NA
2009M116,MSW,2007-09-17,75864,29.07213,NA,NA,NA,NA
2009M116,MSW,2007-09-18,75865,29.20893,NA,NA,NA,NA
2009M116,MSW,2007-09-19,75866,29.34574,NA,NA,NA,NA
2009M116,MSW,2007-09-20,75867,29.48254,NA,NA,NA,NA
2009M116,MSW,2007-09-21,75868,29.61935,NA,NA,NA,NA
2009M116,MSW,2007-09-22,75869,29.75615,2.384145481,1.020752032,NA,NA
2009M116,MSW,2007-09-23,75870,29.89296,NA,NA,NA,NA
2009M116,MSW,2007-09-24,75871,30.02976,NA,NA,NA,NA
2009M116,MSW,2007-09-25,75872,30.16643,NA,NA,NA,NA
2009M116,MSW,2007-09-26,75873,30.30289,NA,NA,NA,NA
2009M116,MSW,2007-09-27,75874,30.43935,NA,NA,NA,NA
2009M116,MSW,2007-09-28,75875,30.57582,NA,NA,NA,NA
2009M116,MSW,2007-09-29,75876,30.71228,NA,NA,NA,NA
2009M116,MSW,2007-09-30,75877,30.84874,2.179419825,1.069054053,NA,NA
2009M116,MSW,2007-10-01,75878,30.9852,NA,NA,NA,NA
2009M116,MSW,2007-10-02,75879,31.12166,NA,NA,NA,NA
2009M116,MSW,2007-10-03,75880,31.25766,NA,NA,NA,NA
2009M116,MSW,2007-10-04,75881,31.39344,NA,NA,NA,NA
2009M116,MSW,2007-10-05,75882,31.52922,NA,NA,NA,NA
2009M116,MSW,2007-10-06,75883,31.66501,NA,NA,NA,NA
2009M116,MSW,2007-10-07,75884,31.80071,NA,NA,NA,NA
2009M116,MSW,2007-10-08,75885,31.93558,NA,NA,NA,NA
2009M116,MSW,2007-10-09,75886,32.07045,NA,NA,NA,NA
2009M116,MSW,2007-10-10,75887,32.20532,1.950541833,1.123142343,NA,NA
2009M116,MSW,2007-10-11,75888,32.34019,NA,NA,NA,NA
2009M116,MSW,2007-10-12,75889,32.47506,NA,NA,NA,NA
2009M116,MSW,2007-10-13,75890,32.60993,NA,NA,NA,NA
2009M116,MSW,2007-10-14,75891,32.74354,NA,NA,NA,NA
2009M116,MSW,2007-10-15,75892,32.87684,NA,NA,NA,NA
2009M116,MSW,2007-10-16,75893,33.01014,NA,NA,NA,NA
2009M116,MSW,2007-10-17,75894,33.14343,NA,NA,NA,NA
2009M116,MSW,2007-10-18,75895,33.27673,NA,NA,NA,NA
2009M116,MSW,2007-10-19,75896,33.41003,NA,NA,NA,NA
2009M116,MSW,2007-10-20,75897,33.54332,NA,NA,NA,NA
2009M116,MSW,2007-10-21,75898,33.67662,NA,NA,NA,NA
2009M116,MSW,2007-10-22,75899,33.80815,3.142353462,0.842507594,NA,NA
2009M116,MSW,2007-10-23,75900,33.93948,NA,NA,NA,NA
2009M116,MSW,2007-10-24,75901,34.07082,NA,NA,NA,NA
2009M116,MSW,2007-10-25,75902,34.20216,NA,NA,NA,NA
2009M116,MSW,2007-10-26,75903,34.33349,NA,NA,NA,NA
2009M116,MSW,2007-10-27,75904,34.46483,NA,NA,NA,NA
2009M116,MSW,2007-10-28,75905,34.59485,NA,NA,NA,NA
2009M116,MSW,2007-10-29,75906,34.72354,NA,NA,NA,NA
2009M116,MSW,2007-10-30,75907,34.85224,NA,NA,NA,NA
2009M116,MSW,2007-10-31,75908,34.98094,NA,NA,NA,NA
2009M116,MSW,2007-11-01,75909,35.10963,NA,NA,NA,NA
2009M116,MSW,2007-11-02,75910,35.23833,NA,NA,NA,NA
2009M116,MSW,2007-11-03,75911,35.36702,NA,NA,NA,NA
2009M116,MSW,2007-11-04,75912,35.49572,0.74922256,1.40856807,NA,NA
2009M116,MSW,2007-11-05,75913,35.62441,NA,NA,NA,NA
2009M116,MSW,2007-11-06,75914,35.75311,NA,NA,NA,NA
2009M116,MSW,2007-11-07,75915,35.87986,NA,NA,NA,NA
2009M116,MSW,2007-11-08,75916,36.00571,NA,NA,NA,NA
2009M116,MSW,2007-11-09,75917,36.13156,NA,NA,NA,NA
2009M116,MSW,2007-11-10,75918,36.25741,NA,NA,NA,NA
2009M116,MSW,2007-11-11,75919,36.38326,NA,NA,NA,NA
2009M116,MSW,2007-11-12,75920,36.50911,NA,NA,NA,NA
2009M116,MSW,2007-11-13,75921,36.63274,NA,NA,NA,NA
2009M116,MSW,2007-11-14,75922,36.75593,NA,NA,NA,NA
2009M116,MSW,2007-11-15,75923,36.87912,NA,NA,NA,NA
2009M116,MSW,2007-11-16,75924,37.00231,2.524046098,0.987787132,NA,NA
2009M116,MSW,2007-11-17,75925,37.1255,NA,NA,NA,NA
2009M116,MSW,2007-11-18,75926,37.24869,NA,NA,NA,NA
2009M116,MSW,2007-11-19,75927,37.37188,NA,NA,NA,NA
2009M116,MSW,2007-11-20,75928,37.49468,NA,NA,NA,NA
2009M116,MSW,2007-11-21,75929,37.61522,NA,NA,NA,NA
2009M116,MSW,2007-11-22,75930,37.73576,NA,NA,NA,NA
2009M116,MSW,2007-11-23,75931,37.8563,NA,NA,NA,NA
2009M116,MSW,2007-11-24,75932,37.97684,NA,NA,NA,NA
2009M116,MSW,2007-11-25,75933,38.09737,NA,NA,NA,NA
2009M116,MSW,2007-11-26,75934,38.21624,NA,NA,NA,NA
2009M116,MSW,2007-11-27,75935,38.33493,NA,NA,NA,NA
2009M116,MSW,2007-11-28,75936,38.45362,NA,NA,NA,NA
2009M116,MSW,2007-11-29,75937,38.5717,NA,NA,NA,NA
2009M116,MSW,2007-11-30,75938,38.68868,3.252771271,0.816634075,NA,NA
2009M116,MSW,2007-12-01,75939,38.80566,NA,NA,NA,NA
2009M116,MSW,2007-12-02,75940,38.92264,NA,NA,NA,NA
2009M116,MSW,2007-12-03,75941,39.03962,NA,NA,NA,NA
2009M116,MSW,2007-12-04,75942,39.15475,NA,NA,NA,NA
2009M116,MSW,2007-12-05,75943,39.26959,NA,NA,NA,NA
2009M116,MSW,2007-12-06,75944,39.38443,NA,NA,NA,NA
2009M116,MSW,2007-12-07,75945,39.49927,NA,NA,NA,NA
2009M116,MSW,2007-12-08,75946,39.6141,NA,NA,NA,NA
2009M116,MSW,2007-12-09,75947,39.72799,NA,NA,NA,NA
2009M116,MSW,2007-12-10,75948,39.84024,NA,NA,NA,NA
2009M116,MSW,2007-12-11,75949,39.95249,NA,NA,NA,NA
2009M116,MSW,2007-12-12,75950,40.06474,NA,NA,NA,NA
2009M116,MSW,2007-12-13,75951,40.17699,NA,NA,NA,NA
2009M116,MSW,2007-12-14,75952,40.28924,1.68662888,1.185625536,NA,NA
2009M116,MSW,2007-12-15,75953,40.40149,NA,NA,NA,NA
2009M116,MSW,2007-12-16,75954,40.51112,NA,NA,NA,NA
2009M116,MSW,2007-12-17,75955,40.62012,NA,NA,NA,NA
2009M116,MSW,2007-12-18,75956,40.72912,NA,NA,NA,NA
2009M116,MSW,2007-12-19,75957,40.83811,NA,NA,NA,NA
2009M116,MSW,2007-12-20,75958,40.94711,NA,NA,NA,NA
2009M116,MSW,2007-12-21,75959,41.05611,NA,NA,NA,NA
2009M116,MSW,2007-12-22,75960,41.1651,NA,NA,NA,NA
2009M116,MSW,2007-12-23,75961,41.2741,NA,NA,NA,NA
2009M116,MSW,2007-12-24,75962,41.38269,NA,NA,NA,NA
2009M116,MSW,2007-12-25,75963,41.48819,NA,NA,NA,NA
2009M116,MSW,2007-12-26,75964,41.59369,NA,NA,NA,NA
2009M116,MSW,2007-12-27,75965,41.69919,NA,NA,NA,NA
2009M116,MSW,2007-12-28,75966,41.80469,NA,NA,NA,NA
2009M116,MSW,2007-12-29,75967,41.91019,NA,NA,NA,NA
2009M116,MSW,2007-12-30,75968,42.01569,5.897298429,0.203272267,NA,NA
2009M116,MSW,2007-12-31,75969,42.12119,NA,NA,NA,NA
2009M116,MSW,2008-01-01,75970,42.2262,NA,NA,NA,NA
2009M116,MSW,2008-01-02,75971,42.32818,NA,NA,NA,NA
2009M116,MSW,2008-01-03,75972,42.43015,NA,NA,NA,NA
2009M116,MSW,2008-01-04,75973,42.53213,NA,NA,NA,NA
2009M116,MSW,2008-01-05,75974,42.63411,NA,NA,NA,NA
2009M116,MSW,2008-01-06,75975,42.73608,NA,NA,NA,NA
2009M116,MSW,2008-01-07,75976,42.83806,NA,NA,NA,NA
2009M116,MSW,2008-01-08,75977,42.94003,NA,NA,NA,NA
2009M116,MSW,2008-01-09,75978,43.04201,NA,NA,NA,NA
2009M116,MSW,2008-01-10,75979,43.14398,NA,NA,NA,NA
2009M116,MSW,2008-01-11,75980,43.24208,NA,NA,NA,NA
2009M116,MSW,2008-01-12,75981,43.3395,NA,NA,NA,NA
2009M116,MSW,2008-01-13,75982,43.43691,NA,NA,NA,NA
2009M116,MSW,2008-01-14,75983,43.53433,10.46888569,-0.829217075,NA,NA
2009M116,MSW,2008-01-15,75984,43.63175,NA,NA,NA,NA
2009M116,MSW,2008-01-16,75985,43.72917,NA,NA,NA,NA
2009M116,MSW,2008-01-17,75986,43.82658,NA,NA,NA,NA
2009M116,MSW,2008-01-18,75987,43.924,NA,NA,NA,NA
2009M116,MSW,2008-01-19,75988,44.02142,NA,NA,NA,NA
2009M116,MSW,2008-01-20,75989,44.11884,NA,NA,NA,NA
2009M116,MSW,2008-01-21,75990,44.21625,NA,NA,NA,NA
2009M116,MSW,2008-01-22,75991,44.31367,NA,NA,NA,NA
2009M116,MSW,2008-01-23,75992,44.41109,NA,NA,NA,NA
2009M116,MSW,2008-01-24,75993,44.50851,NA,NA,NA,NA
2009M116,MSW,2008-01-25,75994,44.60245,NA,NA,NA,NA
2009M116,MSW,2008-01-26,75995,44.69559,NA,NA,NA,NA
2009M116,MSW,2008-01-27,75996,44.78873,NA,NA,NA,NA
2009M116,MSW,2008-01-28,75997,44.88187,NA,NA,NA,NA
2009M116,MSW,2008-01-29,75998,44.97501,NA,NA,NA,NA
2009M116,MSW,2008-01-30,75999,45.06815,NA,NA,NA,NA
2009M116,MSW,2008-01-31,76000,45.16129,3.71874437,0.707680142,NA,NA
2009M116,MSW,2008-02-01,76001,45.25443,NA,NA,NA,NA
2009M116,MSW,2008-02-02,76002,45.34757,NA,NA,NA,NA
2009M116,MSW,2008-02-03,76003,45.43807,NA,NA,NA,NA
2009M116,MSW,2008-02-04,76004,45.5278,NA,NA,NA,NA
2009M116,MSW,2008-02-05,76005,45.61752,NA,NA,NA,NA
2009M116,MSW,2008-02-06,76006,45.70725,NA,NA,NA,NA
2009M116,MSW,2008-02-07,76007,45.79697,NA,NA,NA,NA
2009M116,MSW,2008-02-08,76008,45.88669,NA,NA,NA,NA
2009M116,MSW,2008-02-09,76009,45.97642,NA,NA,NA,NA
2009M116,MSW,2008-02-10,76010,46.06614,NA,NA,NA,NA
2009M116,MSW,2008-02-11,76011,46.15587,NA,NA,NA,NA
2009M116,MSW,2008-02-12,76012,46.24559,NA,NA,NA,NA
2009M116,MSW,2008-02-13,76013,46.33463,NA,NA,NA,NA
2009M116,MSW,2008-02-14,76014,46.42121,NA,NA,NA,NA
2009M116,MSW,2008-02-15,76015,46.50779,NA,NA,NA,NA
2009M116,MSW,2008-02-16,76016,46.59437,NA,NA,NA,NA
2009M116,MSW,2008-02-17,76017,46.68094,NA,NA,NA,NA
2009M116,MSW,2008-02-18,76018,46.76752,8.544402826,-0.398788147,NA,NA
2009M116,MSW,2008-02-19,76019,46.8541,NA,NA,NA,NA
2009M116,MSW,2008-02-20,76020,46.94068,NA,NA,NA,NA
2009M116,MSW,2008-02-21,76021,47.02726,NA,NA,NA,NA
2009M116,MSW,2008-02-22,76022,47.11219,NA,NA,NA,NA
2009M116,MSW,2008-02-23,76023,47.19645,NA,NA,NA,NA
2009M116,MSW,2008-02-24,76024,47.28072,NA,NA,NA,NA
2009M116,MSW,2008-02-25,76025,47.36498,NA,NA,NA,NA
2009M116,MSW,2008-02-26,76026,47.44925,NA,NA,NA,NA
2009M116,MSW,2008-02-27,76027,47.53351,NA,NA,NA,NA
2009M116,MSW,2008-02-28,76028,47.61698,NA,NA,NA,NA
2009M116,MSW,2008-02-29,76029,47.69954,NA,NA,NA,NA
2009M116,MSW,2008-03-01,76030,47.78209,NA,NA,NA,NA
2009M116,MSW,2008-03-02,76031,47.86465,NA,NA,NA,NA
2009M116,MSW,2008-03-03,76032,47.94721,NA,NA,NA,NA
2009M116,MSW,2008-03-04,76033,48.02894,NA,NA,NA,NA
2009M116,MSW,2008-03-05,76034,48.10925,NA,NA,NA,NA
2009M116,MSW,2008-03-06,76035,48.18957,NA,NA,NA,NA
2009M116,MSW,2008-03-07,76036,48.26988,NA,NA,NA,NA
2009M116,MSW,2008-03-08,76037,48.3502,5.830765539,0.218556491,NA,NA
2009M116,MSW,2008-03-09,76038,48.43051,NA,NA,NA,NA
2009M116,MSW,2008-03-10,76039,48.51082,NA,NA,NA,NA
2009M116,MSW,2008-03-11,76040,48.59114,NA,NA,NA,NA
2009M116,MSW,2008-03-12,76041,48.67145,NA,NA,NA,NA
2009M116,MSW,2008-03-13,76042,48.75177,NA,NA,NA,NA
2009M116,MSW,2008-03-14,76043,48.83208,NA,NA,NA,NA
2009M116,MSW,2008-03-15,76044,48.90982,NA,NA,NA,NA
2009M116,MSW,2008-03-16,76045,48.98722,NA,NA,NA,NA
2009M116,MSW,2008-03-17,76046,49.06463,NA,NA,NA,NA
2009M116,MSW,2008-03-18,76047,49.14204,NA,NA,NA,NA
2009M116,MSW,2008-03-19,76048,49.21945,NA,NA,NA,NA
2009M116,MSW,2008-03-20,76049,49.29685,NA,NA,NA,NA
2009M116,MSW,2008-03-21,76050,49.37426,NA,NA,NA,NA
2009M116,MSW,2008-03-22,76051,49.45167,NA,NA,NA,NA
2009M116,MSW,2008-03-23,76052,49.52907,NA,NA,NA,NA
2009M116,MSW,2008-03-24,76053,49.60648,NA,NA,NA,NA
2009M116,MSW,2008-03-25,76054,49.68383,NA,NA,NA,NA
2009M116,MSW,2008-03-26,76055,49.7575,NA,NA,NA,NA
2009M116,MSW,2008-03-27,76056,49.83118,NA,NA,NA,NA
2009M116,MSW,2008-03-28,76057,49.90485,NA,NA,NA,NA
2009M116,MSW,2008-03-29,76058,49.97852,5.889513024,0.205060375,NA,NA
2009M116,MSW,2008-03-30,76059,50.05219,NA,NA,NA,NA
2009M116,MSW,2008-03-31,76060,50.12587,NA,NA,NA,NA
2009M116,MSW,2008-04-01,76061,50.19954,NA,NA,NA,NA
2009M116,MSW,2008-04-02,76062,50.27321,NA,NA,NA,NA
2009M116,MSW,2008-04-03,76063,50.34688,NA,NA,NA,NA
2009M116,MSW,2008-04-04,76064,50.42056,NA,NA,NA,NA
2009M116,MSW,2008-04-05,76065,50.49423,NA,NA,NA,NA
2009M116,MSW,2008-04-06,76066,50.5679,NA,NA,NA,NA
2009M116,MSW,2008-04-07,76067,50.64157,NA,NA,NA,NA
2009M116,MSW,2008-04-08,76068,50.71525,NA,NA,NA,NA
2009M116,MSW,2008-04-09,76069,50.78892,NA,NA,NA,NA
2009M116,MSW,2008-04-10,76070,50.86259,NA,NA,NA,NA
2009M116,MSW,2008-04-11,76071,50.93626,NA,NA,NA,NA
2009M116,MSW,2008-04-12,76072,51.00993,NA,NA,NA,NA
2009M116,MSW,2008-04-13,76073,51.08336,NA,NA,NA,NA
2009M116,MSW,2008-04-14,76074,51.15303,NA,NA,NA,NA
2009M116,MSW,2008-04-15,76075,51.2227,NA,NA,NA,NA
2009M116,MSW,2008-04-16,76076,51.29237,NA,NA,NA,NA
2009M116,MSW,2008-04-17,76077,51.36204,NA,NA,NA,NA
2009M116,MSW,2008-04-18,76078,51.43171,NA,NA,NA,NA
2009M116,MSW,2008-04-19,76079,51.50138,NA,NA,NA,NA
2009M116,MSW,2008-04-20,76080,51.57105,5.797866915,0.226116886,NA,NA
2009M116,MSW,2008-04-21,76081,51.64072,NA,NA,NA,NA
2009M116,MSW,2008-04-22,76082,51.71039,NA,NA,NA,NA
2009M116,MSW,2008-04-23,76083,51.78006,NA,NA,NA,NA
2009M116,MSW,2008-04-24,76084,51.84973,NA,NA,NA,NA
2009M116,MSW,2008-04-25,76085,51.9194,NA,NA,NA,NA
2009M116,MSW,2008-04-26,76086,51.98907,NA,NA,NA,NA
2009M116,MSW,2008-04-27,76087,52.05874,NA,NA,NA,NA
2009M116,MSW,2008-04-28,76088,52.12841,NA,NA,NA,NA
2009M116,MSW,2008-04-29,76089,52.19808,NA,NA,NA,NA
2009M116,MSW,2008-04-30,76090,52.26467,NA,NA,NA,NA
2009M116,MSW,2008-05-01,76091,52.33074,NA,NA,NA,NA
2009M116,MSW,2008-05-02,76092,52.39681,NA,NA,NA,NA
2009M116,MSW,2008-05-03,76093,52.46289,NA,NA,NA,NA
2009M116,MSW,2008-05-04,76094,52.52896,NA,NA,NA,NA
2009M116,MSW,2008-05-05,76095,52.59503,NA,NA,NA,NA
2009M116,MSW,2008-05-06,76096,52.6611,NA,NA,NA,NA
2009M116,MSW,2008-05-07,76097,52.72717,NA,NA,NA,NA
2009M116,MSW,2008-05-08,76098,52.79324,NA,NA,NA,NA
2009M116,MSW,2008-05-09,76099,52.85932,NA,NA,NA,NA
2009M116,MSW,2008-05-10,76100,52.92539,NA,NA,NA,NA
2009M116,MSW,2008-05-11,76101,52.99146,NA,NA,NA,NA
2009M116,MSW,2008-05-12,76102,53.05753,NA,NA,NA,NA
2009M116,MSW,2008-05-13,76103,53.1236,4.524402349,0.520191486,NA,NA
2009M116,MSW,2008-05-14,76104,53.18967,NA,NA,NA,NA
2009M116,MSW,2008-05-15,76105,53.25575,NA,NA,NA,NA
2009M116,MSW,2008-05-16,76106,53.32182,NA,NA,NA,NA
2009M116,MSW,2008-05-17,76107,53.38789,NA,NA,NA,NA
2009M116,MSW,2008-05-18,76108,53.45396,NA,NA,NA,NA
2009M116,MSW,2008-05-19,76109,53.51746,NA,NA,NA,NA
2009M116,MSW,2008-05-20,76110,53.58009,NA,NA,NA,NA
2009M116,MSW,2008-05-21,76111,53.64271,NA,NA,NA,NA
2009M116,MSW,2008-05-22,76112,53.70534,NA,NA,NA,NA
2009M116,MSW,2008-05-23,76113,53.76797,NA,NA,NA,NA
2009M116,MSW,2008-05-24,76114,53.8306,NA,NA,NA,NA
2009M116,MSW,2008-05-25,76115,53.89323,NA,NA,NA,NA
2009M116,MSW,2008-05-26,76116,53.95585,NA,NA,NA,NA
2009M116,MSW,2008-05-27,76117,54.01848,NA,NA,NA,NA
2009M116,MSW,2008-05-28,76118,54.08111,NA,NA,NA,NA
2009M116,MSW,2008-05-29,76119,54.14374,NA,NA,NA,NA
2009M116,MSW,2008-05-30,76120,54.20636,NA,NA,NA,NA
2009M116,MSW,2008-05-31,76121,54.26899,NA,NA,NA,NA
2009M116,MSW,2008-06-01,76122,54.33162,NA,NA,NA,NA
2009M116,MSW,2008-06-02,76123,54.39425,NA,NA,NA,NA
2009M116,MSW,2008-06-03,76124,54.45688,NA,NA,NA,NA
2009M116,MSW,2008-06-04,76125,54.5195,NA,NA,NA,NA
2009M116,MSW,2008-06-05,76126,54.58213,NA,NA,NA,NA
2009M116,MSW,2008-06-06,76127,54.64401,NA,NA,NA,NA
2009M116,MSW,2008-06-07,76128,54.7038,NA,NA,NA,NA
2009M116,MSW,2008-06-08,76129,54.76359,NA,NA,NA,NA
2009M116,MSW,2008-06-09,76130,54.82338,NA,NA,NA,NA
2009M116,MSW,2008-06-10,76131,54.88317,NA,NA,NA,NA
2009M116,MSW,2008-06-11,76132,54.94297,NA,NA,NA,NA
2009M116,MSW,2008-06-12,76133,55.00276,4.130074021,0.611817064,NA,NA
2009M116,MSW,2008-06-13,76134,55.06255,NA,NA,NA,NA
2009M116,MSW,2008-06-14,76135,55.12234,NA,NA,NA,NA
2009M116,MSW,2008-06-15,76136,55.18213,NA,NA,NA,NA
2009M116,MSW,2008-06-16,76137,55.24192,NA,NA,NA,NA
2009M116,MSW,2008-06-17,76138,55.30171,NA,NA,NA,NA
2009M116,MSW,2008-06-18,76139,55.3615,NA,NA,NA,NA
2009M116,MSW,2008-06-19,76140,55.42129,NA,NA,NA,NA
2009M116,MSW,2008-06-20,76141,55.48108,NA,NA,NA,NA
2009M116,MSW,2008-06-21,76142,55.54087,NA,NA,NA,NA
2009M116,MSW,2008-06-22,76143,55.59962,NA,NA,NA,NA
2009M116,MSW,2008-06-23,76144,55.65698,NA,NA,NA,NA
2009M116,MSW,2008-06-24,76145,55.71434,NA,NA,NA,NA
2009M116,MSW,2008-06-25,76146,55.7717,NA,NA,NA,NA
2009M116,MSW,2008-06-26,76147,55.82905,NA,NA,NA,NA
2009M116,MSW,2008-06-27,76148,55.88641,NA,NA,NA,NA
2009M116,MSW,2008-06-28,76149,55.94377,NA,NA,NA,NA
2009M116,MSW,2008-06-29,76150,56.00113,NA,NA,NA,NA
2009M116,MSW,2008-06-30,76151,56.05849,NA,NA,NA,NA
2009M116,MSW,2008-07-01,76152,56.11584,NA,NA,NA,NA
2009M116,MSW,2008-07-02,76153,56.1732,NA,NA,NA,NA
2009M116,MSW,2008-07-03,76154,56.23056,NA,NA,NA,NA
2009M116,MSW,2008-07-04,76155,56.28792,NA,NA,NA,NA
2009M116,MSW,2008-07-05,76156,56.34527,NA,NA,NA,NA
2009M116,MSW,2008-07-06,76157,56.40263,NA,NA,NA,NA
2009M116,MSW,2008-07-07,76158,56.45999,NA,NA,NA,NA
2009M116,MSW,2008-07-08,76159,56.51735,NA,NA,NA,NA
2009M116,MSW,2008-07-09,76160,56.57258,2.687942442,0.94921201,NA,NA
2009M116,MSW,2008-07-10,76161,56.62761,NA,NA,NA,NA
2009M116,MSW,2008-07-11,76162,56.68265,NA,NA,NA,NA
2009M116,MSW,2008-07-12,76163,56.73768,NA,NA,NA,NA
2009M116,MSW,2008-07-13,76164,56.79272,NA,NA,NA,NA
2009M116,MSW,2008-07-14,76165,56.84776,NA,NA,NA,NA
2009M116,MSW,2008-07-15,76166,56.90279,NA,NA,NA,NA
2009M116,MSW,2008-07-16,76167,56.95783,NA,NA,NA,NA
2009M116,MSW,2008-07-17,76168,57.01287,NA,NA,NA,NA
2009M116,MSW,2008-07-18,76169,57.0679,NA,NA,NA,NA
2009M116,MSW,2008-07-19,76170,57.12294,NA,NA,NA,NA
2009M116,MSW,2008-07-20,76171,57.17798,NA,NA,NA,NA
2009M116,MSW,2008-07-21,76172,57.23301,NA,NA,NA,NA
2009M116,MSW,2008-07-22,76173,57.28805,NA,NA,NA,NA
2009M116,MSW,2008-07-23,76174,57.34309,NA,NA,NA,NA
2009M116,MSW,2008-07-24,76175,57.39812,NA,NA,NA,NA
2009M116,MSW,2008-07-25,76176,57.45316,NA,NA,NA,NA
2009M116,MSW,2008-07-26,76177,57.50671,NA,NA,NA,NA
2009M116,MSW,2008-07-27,76178,57.55965,NA,NA,NA,NA
2009M116,MSW,2008-07-28,76179,57.6126,NA,NA,NA,NA
2009M116,MSW,2008-07-29,76180,57.66554,NA,NA,NA,NA
2009M116,MSW,2008-07-30,76181,57.71849,NA,NA,NA,NA
2009M116,MSW,2008-07-31,76182,57.77143,NA,NA,NA,NA
2009M116,MSW,2008-08-01,76183,57.82438,NA,NA,NA,NA
2009M116,MSW,2008-08-02,76184,57.87732,NA,NA,NA,NA
2009M116,MSW,2008-08-03,76185,57.93026,NA,NA,NA,NA
2009M116,MSW,2008-08-04,76186,57.98321,NA,NA,NA,NA
2009M116,MSW,2008-08-05,76187,58.03615,NA,NA,NA,NA
2009M116,MSW,2008-08-06,76188,58.0891,NA,NA,NA,NA
2009M116,MSW,2008-08-07,76189,58.14204,NA,NA,NA,NA
2009M116,MSW,2008-08-08,76190,58.19499,NA,NA,NA,NA
2009M116,MSW,2008-08-09,76191,58.24793,NA,NA,NA,NA
2009M116,MSW,2008-08-10,76192,58.30088,NA,NA,NA,NA
2009M116,MSW,2008-08-11,76193,58.35211,NA,NA,NA,NA
2009M116,MSW,2008-08-12,76194,58.40294,3.002228071,0.875373061,NA,NA
2009M116,MSW,2008-08-13,76195,58.45377,NA,NA,NA,NA
2009M116,MSW,2008-08-14,76196,58.5046,NA,NA,NA,NA
2009M116,MSW,2008-08-15,76197,58.55543,NA,NA,NA,NA
2009M116,MSW,2008-08-16,76198,58.60625,NA,NA,NA,NA
2009M116,MSW,2008-08-17,76199,58.65708,NA,NA,NA,NA
2009M116,MSW,2008-08-18,76200,58.70791,NA,NA,NA,NA
2009M116,MSW,2008-08-19,76201,58.75874,NA,NA,NA,NA
2009M116,MSW,2008-08-20,76202,58.80957,NA,NA,NA,NA
2009M116,MSW,2008-08-21,76203,58.8604,NA,NA,NA,NA
2009M116,MSW,2008-08-22,76204,58.91123,NA,NA,NA,NA
2009M116,MSW,2008-08-23,76205,58.96206,NA,NA,NA,NA
2009M116,MSW,2008-08-24,76206,59.01289,NA,NA,NA,NA
2009M116,MSW,2008-08-25,76207,59.063720000000004,NA,NA,NA,NA
2009M116,MSW,2008-08-26,76208,59.11455,NA,NA,NA,NA
2009M116,MSW,2008-08-27,76209,59.16538,NA,NA,NA,NA
2009M116,MSW,2008-08-28,76210,59.21621,NA,NA,NA,NA
2009M116,MSW,2008-08-29,76211,59.26704,NA,NA,NA,NA
2009M116,MSW,2008-08-30,76212,59.31787,NA,NA,NA,NA
2009M116,MSW,2008-08-31,76213,59.36846,NA,NA,NA,NA
2009M116,MSW,2008-09-01,76214,59.41717,NA,NA,NA,NA
2009M116,MSW,2008-09-02,76215,59.46588,NA,NA,NA,NA
2009M116,MSW,2008-09-03,76216,59.51459,NA,NA,NA,NA
2009M116,MSW,2008-09-04,76217,59.5633,NA,NA,NA,NA
2009M116,MSW,2008-09-05,76218,59.61201,NA,NA,NA,NA
2009M116,MSW,2008-09-06,76219,59.66071,NA,NA,NA,NA
2009M116,MSW,2008-09-07,76220,59.70942,NA,NA,NA,NA
2009M116,MSW,2008-09-08,76221,59.75813,NA,NA,NA,NA
2009M116,MSW,2008-09-09,76222,59.80684,NA,NA,NA,NA
2009M116,MSW,2008-09-10,76223,59.85555,NA,NA,NA,NA
2009M116,MSW,2008-09-11,76224,59.90426,NA,NA,NA,NA
2009M116,MSW,2008-09-12,76225,59.95296,NA,NA,NA,NA
2009M116,MSW,2008-09-13,76226,60.00167,3.327652736,0.799099706,NA,NA
2009M116,MSW,2008-09-14,76227,60.05038,NA,NA,NA,NA
2009M116,MSW,2008-09-15,76228,60.09909,NA,NA,NA,NA
2009M116,MSW,2008-09-16,76229,60.1478,NA,NA,NA,NA
2009M116,MSW,2008-09-17,76230,60.19651,NA,NA,NA,NA
2009M116,MSW,2008-09-18,76231,60.24521,NA,NA,NA,NA
2009M116,MSW,2008-09-19,76232,60.29392,NA,NA,NA,NA
2009M116,MSW,2008-09-20,76233,60.34135,NA,NA,NA,NA
2009M116,MSW,2008-09-21,76234,60.38815,NA,NA,NA,NA
2009M116,MSW,2008-09-22,76235,60.43495,NA,NA,NA,NA
2009M116,MSW,2008-09-23,76236,60.48174,NA,NA,NA,NA
2009M116,MSW,2008-09-24,76237,60.52854,NA,NA,NA,NA
2009M116,MSW,2008-09-25,76238,60.57534,NA,NA,NA,NA
2009M116,MSW,2008-09-26,76239,60.62214,NA,NA,NA,NA
2009M116,MSW,2008-09-27,76240,60.66893,NA,NA,NA,NA
2009M116,MSW,2008-09-28,76241,60.71573,NA,NA,NA,NA
2009M116,MSW,2008-09-29,76242,60.76253,NA,NA,NA,NA
2009M116,MSW,2008-09-30,76243,60.80933,NA,NA,NA,NA
2009M116,MSW,2008-10-01,76244,60.85612,NA,NA,NA,NA
2009M116,MSW,2008-10-02,76245,60.90292,NA,NA,NA,NA
2009M116,MSW,2008-10-03,76246,60.94972,NA,NA,NA,NA
2009M116,MSW,2008-10-04,76247,60.99651,NA,NA,NA,NA
2009M116,MSW,2008-10-05,76248,61.04331,NA,NA,NA,NA
2009M116,MSW,2008-10-06,76249,61.09011,NA,NA,NA,NA
2009M116,MSW,2008-10-07,76250,61.13691,NA,NA,NA,NA
2009M116,MSW,2008-10-08,76251,61.1837,NA,NA,NA,NA
2009M116,MSW,2008-10-09,76252,61.2305,NA,NA,NA,NA
2009M116,MSW,2008-10-10,76253,61.27638,NA,NA,NA,NA
2009M116,MSW,2008-10-11,76254,61.32106,NA,NA,NA,NA
2009M116,MSW,2008-10-12,76255,61.36575,NA,NA,NA,NA
2009M116,MSW,2008-10-13,76256,61.41043,NA,NA,NA,NA
2009M116,MSW,2008-10-14,76257,61.45511,NA,NA,NA,NA
2009M116,MSW,2008-10-15,76258,61.49979,NA,NA,NA,NA
2009M116,MSW,2008-10-16,76259,61.54448,NA,NA,NA,NA
2009M116,MSW,2008-10-17,76260,61.58916,1.536667153,1.221185235,NA,NA
2009M116,MSW,2008-10-18,76261,61.63384,NA,NA,NA,NA
2009M116,MSW,2008-10-19,76262,61.67852,NA,NA,NA,NA
2009M116,MSW,2008-10-20,76263,61.7232,NA,NA,NA,NA
2009M116,MSW,2008-10-21,76264,61.76789,NA,NA,NA,NA
2009M116,MSW,2008-10-22,76265,61.81257,NA,NA,NA,NA
2009M116,MSW,2008-10-23,76266,61.85725,NA,NA,NA,NA
2009M116,MSW,2008-10-24,76267,61.90193,NA,NA,NA,NA
2009M116,MSW,2008-10-25,76268,61.94661,NA,NA,NA,NA
2009M116,MSW,2008-10-26,76269,61.9913,NA,NA,NA,NA
2009M116,MSW,2008-10-27,76270,62.03598,NA,NA,NA,NA
2009M116,MSW,2008-10-28,76271,62.08066,NA,NA,NA,NA
2009M116,MSW,2008-10-29,76272,62.12534,NA,NA,NA,NA
2009M116,MSW,2008-10-30,76273,62.17003,NA,NA,NA,NA
2009M116,MSW,2008-10-31,76274,62.21471,NA,NA,NA,NA
2009M116,MSW,2008-11-01,76275,62.25939,NA,NA,NA,NA
2009M116,MSW,2008-11-02,76276,62.30407,NA,NA,NA,NA
2009M116,MSW,2008-11-03,76277,62.34875,NA,NA,NA,NA
2009M116,MSW,2008-11-04,76278,62.39344,NA,NA,NA,NA
2009M116,MSW,2008-11-05,76279,62.43812,NA,NA,NA,NA
2009M116,MSW,2008-11-06,76280,62.4828,NA,NA,NA,NA
2009M116,MSW,2008-11-07,76281,62.52719,NA,NA,NA,NA
2009M116,MSW,2008-11-08,76282,62.57016,NA,NA,NA,NA
2009M116,MSW,2008-11-09,76283,62.61312,NA,NA,NA,NA
2009M116,MSW,2008-11-10,76284,62.65609,NA,NA,NA,NA
2009M116,MSW,2008-11-11,76285,62.69906,NA,NA,NA,NA
2009M116,MSW,2008-11-12,76286,62.74203,NA,NA,NA,NA
2009M116,MSW,2008-11-13,76287,62.78499,NA,NA,NA,NA
2009M116,MSW,2008-11-14,76288,62.82796,NA,NA,NA,NA
2009M116,MSW,2008-11-15,76289,62.87093,NA,NA,NA,NA
2009M116,MSW,2008-11-16,76290,62.9139,NA,NA,NA,NA
2009M116,MSW,2008-11-17,76291,62.95687,NA,NA,NA,NA
2009M116,MSW,2008-11-18,76292,62.99983,NA,NA,NA,NA
2009M116,MSW,2008-11-19,76293,63.0428,NA,NA,NA,NA
2009M116,MSW,2008-11-20,76294,63.08577,NA,NA,NA,NA
2009M116,MSW,2008-11-21,76295,63.12874,NA,NA,NA,NA
2009M116,MSW,2008-11-22,76296,63.17118,NA,NA,NA,NA
2009M116,MSW,2008-11-23,76297,63.21305,0.871093923,1.379494432,NA,NA
2009M116,MSW,2008-11-24,76298,63.25492,NA,NA,NA,NA
2009M116,MSW,2008-11-25,76299,63.29679,NA,NA,NA,NA
2009M116,MSW,2008-11-26,76300,63.33866,NA,NA,NA,NA
2009M116,MSW,2008-11-27,76301,63.38053,NA,NA,NA,NA
2009M116,MSW,2008-11-28,76302,63.4224,NA,NA,NA,NA
2009M116,MSW,2008-11-29,76303,63.46427,NA,NA,NA,NA
2009M116,MSW,2008-11-30,76304,63.50614,NA,NA,NA,NA
2009M116,MSW,2008-12-01,76305,63.54801,NA,NA,NA,NA
2009M116,MSW,2008-12-02,76306,63.58988,NA,NA,NA,NA
2009M116,MSW,2008-12-03,76307,63.63175,NA,NA,NA,NA
2009M116,MSW,2008-12-04,76308,63.67362,NA,NA,NA,NA
2009M116,MSW,2008-12-05,76309,63.71549,NA,NA,NA,NA
2009M116,MSW,2008-12-06,76310,63.75736,NA,NA,NA,NA
2009M116,MSW,2008-12-07,76311,63.79873,NA,NA,NA,NA
2009M116,MSW,2008-12-08,76312,63.83936,NA,NA,NA,NA
2009M116,MSW,2008-12-09,76313,63.87999,NA,NA,NA,NA
2009M116,MSW,2008-12-10,76314,63.92063,NA,NA,NA,NA
2009M116,MSW,2008-12-11,76315,63.96126,NA,NA,NA,NA
2009M116,MSW,2008-12-12,76316,64.00189,NA,NA,NA,NA
2009M116,MSW,2008-12-13,76317,64.04252,NA,NA,NA,NA
2009M116,MSW,2008-12-14,76318,64.08316,NA,NA,NA,NA
2009M116,MSW,2008-12-15,76319,64.12379,NA,NA,NA,NA
2009M116,MSW,2008-12-16,76320,64.16442,NA,NA,NA,NA
2009M116,MSW,2008-12-17,76321,64.20505,NA,NA,NA,NA
2009M116,MSW,2008-12-18,76322,64.24569,NA,NA,NA,NA
2009M116,MSW,2008-12-19,76323,64.28632,NA,NA,NA,NA
2009M116,MSW,2008-12-20,76324,64.32695,NA,NA,NA,NA
2009M116,MSW,2008-12-21,76325,64.36759,NA,NA,NA,NA
2009M116,MSW,2008-12-22,76326,64.40822,NA,NA,NA,NA
2009M116,MSW,2008-12-23,76327,64.44885,NA,NA,NA,NA
2009M116,MSW,2008-12-24,76328,64.48948,NA,NA,NA,NA
2009M116,MSW,2008-12-25,76329,64.53012,NA,NA,NA,NA
2009M116,MSW,2008-12-26,76330,64.57075,NA,NA,NA,NA
2009M116,MSW,2008-12-27,76331,64.61138,NA,NA,NA,NA
2009M116,MSW,2008-12-28,76332,64.65103,NA,NA,NA,NA
2009M116,MSW,2008-12-29,76333,64.69022,NA,NA,NA,NA
2009M116,MSW,2008-12-30,76334,64.72942,NA,NA,NA,NA
2009M116,MSW,2008-12-31,76335,64.76861,-0.629281464,1.739293993,NA,NA
2009M116,MSW,2009-01-01,76336,64.80781,NA,NA,NA,NA
2009M116,MSW,2009-01-02,76337,64.847,NA,NA,NA,NA
2009M116,MSW,2009-01-03,76338,64.88619,NA,NA,NA,NA
2009M116,MSW,2009-01-04,76339,64.92539,NA,NA,NA,NA
2009M116,MSW,2009-01-05,76340,64.96458,NA,NA,NA,NA
2009M116,MSW,2009-01-06,76341,65.00377,NA,NA,NA,NA
2009M116,MSW,2009-01-07,76342,65.04297,NA,NA,NA,NA
2009M116,MSW,2009-01-08,76343,65.08216,NA,NA,NA,NA
2009M116,MSW,2009-01-09,76344,65.12136,NA,NA,NA,NA
2009M116,MSW,2009-01-10,76345,65.16055,NA,NA,NA,NA
2009M116,MSW,2009-01-11,76346,65.19974,NA,NA,NA,NA
2009M116,MSW,2009-01-12,76347,65.23894,NA,NA,NA,NA
2009M116,MSW,2009-01-13,76348,65.27813,NA,NA,NA,NA
2009M116,MSW,2009-01-14,76349,65.31732,NA,NA,NA,NA
2009M116,MSW,2009-01-15,76350,65.35652,NA,NA,NA,NA
2009M116,MSW,2009-01-16,76351,65.39571,NA,NA,NA,NA
2009M116,MSW,2009-01-17,76352,65.43491,NA,NA,NA,NA
2009M116,MSW,2009-01-18,76353,65.4741,NA,NA,NA,NA
2009M116,MSW,2009-01-19,76354,65.51329,NA,NA,NA,NA
2009M116,MSW,2009-01-20,76355,65.55249,NA,NA,NA,NA
2009M116,MSW,2009-01-21,76356,65.59104,NA,NA,NA,NA
2009M116,MSW,2009-01-22,76357,65.62902,NA,NA,NA,NA
2009M116,MSW,2009-01-23,76358,65.667,NA,NA,NA,NA
2009M116,MSW,2009-01-24,76359,65.70498,NA,NA,NA,NA
2009M116,MSW,2009-01-25,76360,65.74296,NA,NA,NA,NA
2009M116,MSW,2009-01-26,76361,65.78094,NA,NA,NA,NA
2009M116,MSW,2009-01-27,76362,65.81892,NA,NA,NA,NA
2009M116,MSW,2009-01-28,76363,65.8569,NA,NA,NA,NA
2009M116,MSW,2009-01-29,76364,65.89488,NA,NA,NA,NA
2009M116,MSW,2009-01-30,76365,65.93286,NA,NA,NA,NA
2009M116,MSW,2009-01-31,76366,65.97084,NA,NA,NA,NA
2009M116,MSW,2009-02-01,76367,66.00882,NA,NA,NA,NA
2009M116,MSW,2009-02-02,76368,66.0468,NA,NA,NA,NA
2009M116,MSW,2009-02-03,76369,66.08478,NA,NA,NA,NA
2009M116,MSW,2009-02-04,76370,66.12276,NA,NA,NA,NA
2009M116,MSW,2009-02-05,76371,66.16074,NA,NA,NA,NA
2009M116,MSW,2009-02-06,76372,66.19872,NA,NA,NA,NA
2009M116,MSW,2009-02-07,76373,66.23578,NA,NA,NA,NA
2009M116,MSW,2009-02-08,76374,66.27275,NA,NA,NA,NA
2009M116,MSW,2009-02-09,76375,66.30972,NA,NA,NA,NA
2009M116,MSW,2009-02-10,76376,66.34668,NA,NA,NA,NA
2009M116,MSW,2009-02-11,76377,66.38365,3.560489184,0.744640925,NA,NA
2009M116,MSW,2009-02-12,76378,66.42061,NA,NA,NA,NA
2009M116,MSW,2009-02-13,76379,66.45758,NA,NA,NA,NA
2009M116,MSW,2009-02-14,76380,66.49455,NA,NA,NA,NA
2009M116,MSW,2009-02-15,76381,66.53151,NA,NA,NA,NA
2009M116,MSW,2009-02-16,76382,66.56848,NA,NA,NA,NA
2009M116,MSW,2009-02-17,76383,66.60544,NA,NA,NA,NA
2009M116,MSW,2009-02-18,76384,66.64241,NA,NA,NA,NA
2009M116,MSW,2009-02-19,76385,66.67938,NA,NA,NA,NA
2009M116,MSW,2009-02-20,76386,66.71634,NA,NA,NA,NA
2009M116,MSW,2009-02-21,76387,66.75331,NA,NA,NA,NA
2009M116,MSW,2009-02-22,76388,66.79027,NA,NA,NA,NA
2009M116,MSW,2009-02-23,76389,66.82724,NA,NA,NA,NA
2009M116,MSW,2009-02-24,76390,66.86421,NA,NA,NA,NA
2009M116,MSW,2009-02-25,76391,66.90117,NA,NA,NA,NA
2009M116,MSW,2009-02-26,76392,66.93814,NA,NA,NA,NA
2009M116,MSW,2009-02-27,76393,66.974,NA,NA,NA,NA
2009M116,MSW,2009-02-28,76394,67.00984,NA,NA,NA,NA
2009M116,MSW,2009-03-01,76395,67.04568,NA,NA,NA,NA
2009M116,MSW,2009-03-02,76396,67.08152,NA,NA,NA,NA
2009M116,MSW,2009-03-03,76397,67.11736,NA,NA,NA,NA
2009M116,MSW,2009-03-04,76398,67.1532,NA,NA,NA,NA
2009M116,MSW,2009-03-05,76399,67.18904,NA,NA,NA,NA
2009M116,MSW,2009-03-06,76400,67.22488,NA,NA,NA,NA
2009M116,MSW,2009-03-07,76401,67.26072,NA,NA,NA,NA
2009M116,MSW,2009-03-08,76402,67.29656,NA,NA,NA,NA
2009M116,MSW,2009-03-09,76403,67.3324,NA,NA,NA,NA
2009M116,MSW,2009-03-10,76404,67.36825,NA,NA,NA,NA
2009M116,MSW,2009-03-11,76405,67.40409,NA,NA,NA,NA
2009M116,MSW,2009-03-12,76406,67.43993,NA,NA,NA,NA
2009M116,MSW,2009-03-13,76407,67.47577,NA,NA,NA,NA
2009M116,MSW,2009-03-14,76408,67.51161,NA,NA,NA,NA
2009M116,MSW,2009-03-15,76409,67.54745,NA,NA,NA,NA
2009M116,MSW,2009-03-16,76410,67.58329,NA,NA,NA,NA
2009M116,MSW,2009-03-17,76411,67.61913,NA,NA,NA,NA
2009M116,MSW,2009-03-18,76412,67.65497,NA,NA,NA,NA
2009M116,MSW,2009-03-19,76413,67.69081,NA,NA,NA,NA
2009M116,MSW,2009-03-20,76414,67.72665,NA,NA,NA,NA
2009M116,MSW,2009-03-21,76415,67.76249,NA,NA,NA,NA
2009M116,MSW,2009-03-22,76416,67.79776,NA,NA,NA,NA
2009M116,MSW,2009-03-23,76417,67.83245,NA,NA,NA,NA
2009M116,MSW,2009-03-24,76418,67.86714,NA,NA,NA,NA
2009M116,MSW,2009-03-25,76419,67.90183,NA,NA,NA,NA
2009M116,MSW,2009-03-26,76420,67.93652,7.492569203,-0.160961107,NA,NA
2009M116,MSW,2009-03-27,76421,67.97121,NA,NA,NA,NA
2009M116,MSW,2009-03-28,76422,68.0059,NA,NA,NA,NA
2009M116,MSW,2009-03-29,76423,68.04059,NA,NA,NA,NA
2009M116,MSW,2009-03-30,76424,68.07528,NA,NA,NA,NA
2009M116,MSW,2009-03-31,76425,68.10996,NA,NA,NA,NA
2009M116,MSW,2009-04-01,76426,68.14465,NA,NA,NA,NA
2009M116,MSW,2009-04-02,76427,68.17934,NA,NA,NA,NA
2009M116,MSW,2009-04-03,76428,68.21403,NA,NA,NA,NA
2009M116,MSW,2009-04-04,76429,68.24872,NA,NA,NA,NA
2009M116,MSW,2009-04-05,76430,68.28341,NA,NA,NA,NA
2009M116,MSW,2009-04-06,76431,68.3181,NA,NA,NA,NA
2009M116,MSW,2009-04-07,76432,68.35279,NA,NA,NA,NA
2009M116,MSW,2009-04-08,76433,68.38748,NA,NA,NA,NA
2009M116,MSW,2009-04-09,76434,68.42217,NA,NA,NA,NA
2009M116,MSW,2009-04-10,76435,68.45685,NA,NA,NA,NA
2009M116,MSW,2009-04-11,76436,68.49154,NA,NA,NA,NA
2009M116,MSW,2009-04-12,76437,68.52623,NA,NA,NA,NA
2009M116,MSW,2009-04-13,76438,68.56092,NA,NA,NA,NA
2009M116,MSW,2009-04-14,76439,68.59561,NA,NA,NA,NA
2009M116,MSW,2009-04-15,76440,68.63005,NA,NA,NA,NA
2009M116,MSW,2009-04-16,76441,68.66364,NA,NA,NA,NA
2009M116,MSW,2009-04-17,76442,68.69722,NA,NA,NA,NA
2009M116,MSW,2009-04-18,76443,68.73081,NA,NA,NA,NA
2009M116,MSW,2009-04-19,76444,68.7644,NA,NA,NA,NA
2009M116,MSW,2009-04-20,76445,68.79798,NA,NA,NA,NA
2009M116,MSW,2009-04-21,76446,68.83157,NA,NA,NA,NA
2009M116,MSW,2009-04-22,76447,68.86515,NA,NA,NA,NA
2009M116,MSW,2009-04-23,76448,68.89874,NA,NA,NA,NA
2009M116,MSW,2009-04-24,76449,68.93233,NA,NA,NA,NA
2009M116,MSW,2009-04-25,76450,68.96591,NA,NA,NA,NA
2009M116,MSW,2009-04-26,76451,68.9995,NA,NA,NA,NA
2009M116,MSW,2009-04-27,76452,69.03309,NA,NA,NA,NA
2009M116,MSW,2009-04-28,76453,69.06667,NA,NA,NA,NA
2009M116,MSW,2009-04-29,76454,69.10026,NA,NA,NA,NA
2009M116,MSW,2009-04-30,76455,69.13385,NA,NA,NA,NA
2009M116,MSW,2009-05-01,76456,69.16743,NA,NA,NA,NA
2009M116,MSW,2009-05-02,76457,69.20102,NA,NA,NA,NA
2009M116,MSW,2009-05-03,76458,69.23461,NA,NA,NA,NA
2009M116,MSW,2009-05-04,76459,69.26819,NA,NA,NA,NA
2009M116,MSW,2009-05-05,76460,69.30178,NA,NA,NA,NA
2009M116,MSW,2009-05-06,76461,69.33536,NA,NA,NA,NA
2009M116,MSW,2009-05-07,76462,69.36895,NA,NA,NA,NA
2009M116,MSW,2009-05-08,76463,69.40254,NA,NA,NA,NA
2009M116,MSW,2009-05-09,76464,69.43612,NA,NA,NA,NA
2009M116,MSW,2009-05-10,76465,69.46954,NA,NA,NA,NA
2009M116,MSW,2009-05-11,76466,69.50207,NA,NA,NA,NA
2009M116,MSW,2009-05-12,76467,69.5346,9.072843194,-0.517582032,NA,NA
2009M116,MSW,2009-05-13,76468,69.56713,NA,NA,NA,NA
2009M116,MSW,2009-05-14,76469,69.59966,NA,NA,NA,NA
2009M116,MSW,2009-05-15,76470,69.63219,NA,NA,NA,NA
2009M116,MSW,2009-05-16,76471,69.66472,NA,NA,NA,NA
2009M116,MSW,2009-05-17,76472,69.69725,NA,NA,NA,NA
2009M116,MSW,2009-05-18,76473,69.72978,NA,NA,NA,NA
2009M116,MSW,2009-05-19,76474,69.76231,NA,NA,NA,NA
2009M116,MSW,2009-05-20,76475,69.79484,NA,NA,NA,NA
2009M116,MSW,2009-05-21,76476,69.82737,NA,NA,NA,NA
2009M116,MSW,2009-05-22,76477,69.8599,NA,NA,NA,NA
2009M116,MSW,2009-05-23,76478,69.89243,NA,NA,NA,NA
2009M116,MSW,2009-05-24,76479,69.92496,NA,NA,NA,NA
2009M116,MSW,2009-05-25,76480,69.95749,NA,NA,NA,NA
2009M116,MSW,2009-05-26,76481,69.99002,NA,NA,NA,NA
2009M116,MSW,2009-05-27,76482,70.02256,NA,NA,NA,NA
2009M116,MSW,2009-05-28,76483,70.05509,NA,NA,NA,NA
2009M116,MSW,2009-05-29,76484,70.08762,NA,NA,NA,NA
2009M116,MSW,2009-05-30,76485,70.12015,NA,NA,NA,NA
2009M116,MSW,2009-05-31,76486,70.15268,NA,NA,NA,NA
2009M116,MSW,2009-06-01,76487,70.18521,NA,NA,NA,NA
2009M116,MSW,2009-06-02,76488,70.21774,NA,NA,NA,NA
2009M116,MSW,2009-06-03,76489,70.25027,NA,NA,NA,NA
2009M116,MSW,2009-06-04,76490,70.2828,NA,NA,NA,NA
2009M116,MSW,2009-06-05,76491,70.31507,NA,NA,NA,NA
2009M116,MSW,2009-06-06,76492,70.34671,NA,NA,NA,NA
2009M116,MSW,2009-06-07,76493,70.37836,NA,NA,NA,NA
2009M116,MSW,2009-06-08,76494,70.41,NA,NA,NA,NA
2009M116,MSW,2009-06-09,76495,70.44164,NA,NA,NA,NA
2009M116,MSW,2009-06-10,76496,70.47329,NA,NA,NA,NA
2009M116,MSW,2009-06-11,76497,70.50493,NA,NA,NA,NA
2009M116,MSW,2009-06-12,76498,70.53657,NA,NA,NA,NA
2009M116,MSW,2009-06-13,76499,70.56821,NA,NA,NA,NA
2009M116,MSW,2009-06-14,76500,70.59986,NA,NA,NA,NA
2009M116,MSW,2009-06-15,76501,70.6315,NA,NA,NA,NA
2009M116,MSW,2009-06-16,76502,70.66314,NA,NA,NA,NA
2009M116,MSW,2009-06-17,76503,70.69478,NA,NA,NA,NA
2009M116,MSW,2009-06-18,76504,70.72643,NA,NA,NA,NA
2009M116,MSW,2009-06-19,76505,70.75807,NA,NA,NA,NA
2009M116,MSW,2009-06-20,76506,70.78971,NA,NA,NA,NA
2009M116,MSW,2009-06-21,76507,70.82136,NA,NA,NA,NA
2009M116,MSW,2009-06-22,76508,70.853,NA,NA,NA,NA
2009M116,MSW,2009-06-23,76509,70.88464,NA,NA,NA,NA
2009M116,MSW,2009-06-24,76510,70.91628,NA,NA,NA,NA
2009M116,MSW,2009-06-25,76511,70.94768,NA,NA,NA,NA
2009M116,MSW,2009-06-26,76512,70.97859,NA,NA,NA,NA
2009M116,MSW,2009-06-27,76513,71.0095,NA,NA,NA,NA
2009M116,MSW,2009-06-28,76514,71.04041,NA,NA,NA,NA
2009M116,MSW,2009-06-29,76515,71.07131,NA,NA,NA,NA
2009M116,MSW,2009-06-30,76516,71.10222,NA,NA,NA,NA
2009M116,MSW,2009-07-01,76517,71.13313,10.28151746,-0.787575327,NA,NA
2009M116,MSW,2009-07-02,76518,71.16404,NA,NA,NA,NA
2009M116,MSW,2009-07-03,76519,71.19494,NA,NA,NA,NA
2009M116,MSW,2009-07-04,76520,71.22585,NA,NA,NA,NA
2009M116,MSW,2009-07-05,76521,71.25676,NA,NA,NA,NA
2009M116,MSW,2009-07-06,76522,71.28767,NA,NA,NA,NA
2009M116,MSW,2009-07-07,76523,71.31857,NA,NA,NA,NA
2009M116,MSW,2009-07-08,76524,71.34948,NA,NA,NA,NA
2009M116,MSW,2009-07-09,76525,71.38039,NA,NA,NA,NA
2009M116,MSW,2009-07-10,76526,71.4113,NA,NA,NA,NA
2009M116,MSW,2009-07-11,76527,71.4422,NA,NA,NA,NA
2009M116,MSW,2009-07-12,76528,71.47311,NA,NA,NA,NA
2009M116,MSW,2009-07-13,76529,71.50402,NA,NA,NA,NA
2009M116,MSW,2009-07-14,76530,71.53493,NA,NA,NA,NA
2009M116,MSW,2009-07-15,76531,71.56583,NA,NA,NA,NA
2009M116,MSW,2009-07-16,76532,71.59609,NA,NA,NA,NA
2009M116,MSW,2009-07-17,76533,71.62629,NA,NA,NA,NA
2009M116,MSW,2009-07-18,76534,71.65649,NA,NA,NA,NA
2009M116,MSW,2009-07-19,76535,71.68668,NA,NA,NA,NA
2009M116,MSW,2009-07-20,76536,71.71688,NA,NA,NA,NA
2009M116,MSW,2009-07-21,76537,71.74707,NA,NA,NA,NA
2009M116,MSW,2009-07-22,76538,71.77727,NA,NA,NA,NA
2009M116,MSW,2009-07-23,76539,71.80746,NA,NA,NA,NA
2009M116,MSW,2009-07-24,76540,71.83766,NA,NA,NA,NA
2009M116,MSW,2009-07-25,76541,71.86785,NA,NA,NA,NA
2009M116,MSW,2009-07-26,76542,71.89805,NA,NA,NA,NA
2009M116,MSW,2009-07-27,76543,71.92824,NA,NA,NA,NA
2009M116,MSW,2009-07-28,76544,71.95844,NA,NA,NA,NA
2009M116,MSW,2009-07-29,76545,71.98863,NA,NA,NA,NA
2009M116,MSW,2009-07-30,76546,72.01883,NA,NA,NA,NA
2009M116,MSW,2009-07-31,76547,72.04902,NA,NA,NA,NA
2009M116,MSW,2009-08-01,76548,72.07922,NA,NA,NA,NA
2009M116,MSW,2009-08-02,76549,72.10941,NA,NA,NA,NA
2009M116,MSW,2009-08-03,76550,72.13961,NA,NA,NA,NA
2009M116,MSW,2009-08-04,76551,72.1698,NA,NA,NA,NA
2009M116,MSW,2009-08-05,76552,72.2,NA,NA,58.56,-3.92
